title,url,text
"Electric Vehicles Help Combat Climate Change, Here’s Why.",https://blog.ucs.org/dave-reichmuth/electric-vehicles-help-combat-climate-change-heres-why/,"EDITORIAL UPDATE (11/13/25): A more recent version of the analysis in this blog is available here.



There is tremendous uncertainty about what policies the federal government will change that will affect electric vehicle (EV) manufacturing and sales in the US. But there is no question about the impact that EVs will have on reducing climate-changing emissions. Replacing gasoline with electricity greatly reduces the carbon emissions from driving, even when emissions from mining, manufacturing, and generating electricity are included. Based on where EVs have been sold, driving the average electric vehicle in the US produces global warming emissions equal to a hypothetical 100 mile per gallon gasoline car, or one fourth the emissions from driving the average new gasoline vehicle.

Transportation is the largest sector for emissions and passenger cars, trucks, and SUVs are the majority of emissions from this sector, so there is no way to slow down climate change without a fundamental shift from petroleum to clean electricity to power our vehicles.

Driving the average EV in the US produces carbon dioxide emissions equivalent to a hypothetical 100 mpg gasoline car.

When UCS first compared driving an EV to a gasoline car, only 45 percent of the country lived where driving an EV had lower climate-changing emissions than a 50 MPG gasoline car. Now, 97 percent of the country lives where the average EV is better than the most efficient gasoline vehicle (57 mpg). And for everyone in the US, driving the most efficient EV produces less global warming emissions than any gasoline-only vehicle available (including non-plug-in hybrids).

These results are based on the most recent electricity emissions data available from the US EPA. Released earlier this year, the data reflects actual powerplant emissions for 2023. As our electricity grid switches to more renewable sources of electricity, the climate benefits of switching from gasoline to electricity will continue to grow.

EV emissions depend on source of electricity

The emissions from driving an EV depends on where the electricity comes from to recharge it, and that depends on where in the country you’re recharging. In places with a relatively clean grid, emissions from driving an EV are very low. For example, driving an EV in upstate NY is equal to a 354 mpg gasoline car, or less than 7 percent of the average new gasoline vehicle emissions.

Even where the grid still has significant fossil fuel-powered generation, EVs are a cleaner choice. In the grid region that serves most of Texas, driving the average EV produces emissions equal to an 83 mpg gasoline car, despite over 60% of electricity generation coming from fossil fuels.

Driving the average EV means fewer global warming emissions than the most efficient gasoline vehicle (57 mpg) for nearly every region of the US. Based on current EV sales, driving the average EV in the US has emissions equal to a hypothetical 100 mpg gasoline car.

EVs are responsible for less than half the global warming pollution of gasoline cars, even when including emissions from manufacturing

Manufacturing an EV results in more global warming emissions than manufacturing a comparable gasoline vehicle. This is chiefly due to the energy and materials required to produce an EV’s battery. However, most of the global warming emissions over the lifespan of today’s vehicles occur during use, so the reductions from driving an EV more than offset the higher manufacturing emissions. When comparing the average gasoline car and 2-wheel drive SUV (29 mpg) to the average-efficiency EV with a 300-mile-range battery, the EV reduces total lifetime emissions 58 percent, and an EV pickup truck reduces lifetime emissions 57 percent compared with the average gasoline pickup.

Making and using an EV car will result in a 58 percent reduction in climate-changing emissions compared to comparable gasoline vehicles and a similar reduction occurs for EV pickup trucks. The increased emissions from making an EV are small compared to the emissions from making and burning gasoline in a conventional vehicle.

Another way to understand how emissions savings from driving an EV offset additional manufacturing emissions is to consider the breakeven point: how far or how long an EV needs to drive for the savings to match the initial emissions “debt.” Based on the average electricity emissions for recharging EVs sold in the US, the breakeven point for an electric car with a 300-mile range compared with the average new gasoline car is about 18,000 miles of driving or less than 2 years, based on average annual driving. Breakeven occurs more quickly, after about 17,700 miles, when comparing an electric truck with a 300-mile range with the average new gasoline pickup truck.

For both cars and pickups, net savings come early in an EV’s lifetime, and most EVs would yield significant net emissions savings. After 150,000 miles of driving, the average EV car would result in 34 metric tons of avoided carbon dioxide emissions and the average EV pickup truck in 48 metric tons, compared to manufacturing and driving a comparable gasoline vehicle.

EVs result in higher manufacturing global warming emissions but these emissions are quickly offset by lower emissions during use. The average EV shows a net benefit in less than 18,000 miles of driving when compared to a comparable gasoline vehicle.

Choosing a more efficient EV can offset charging on dirtier power

EVs vary in efficiency, with the most efficient EVs going more than 4 miles on one kilowatt-hour of electricity while some electric pickup trucks get less than 2 miles of driving on the same amount of energy. Choosing a more efficient EV that meets your driving needs will reduce the emissions from driving. For example, charging the average EV on Florida’s grid means effective emissions equal to 82 mpg in a gasoline car, while choosing an EV like the Lucid Air can reduce emissions to that of a 115 mpg conventional vehicle. And of course, a more efficient EV will also cost less to recharge.

Driving the most efficient EVs (such as the 2025 Lucid Air) means less climate-changing pollution than any gasoline car, no matter where in the US you recharge.

Electrifying larger vehicles like pickups can also reduce emissions

Using an electric pickup truck in the place of a gasoline truck can have clear emissions benefits; on the grid that covers most of Texas, using an average electric pickup truck can have emissions lower than a 2025 Toyota Prius XLE (52 mpg). However, switching from an efficient gasoline car to an electric truck means reducing or eliminating the climate benefit of electrification. Drivers that are looking to lower their emissions and fuel bill should choose electric vehicles over gasoline vehicles but also choose the most efficient vehicle that meets their transportation needs.

Driving an electric pickup truck is cleaner than the most efficient hybrid pickup truck (37 mpg) for nearly everyone in the US. Switching from a gas or diesel pickup truck to an EV truck means lower emissions, but moving from an efficient gasoline car to an electric truck can mean higher emissions (or a reduction in the net benefit).

Emissions from electricity generation (and for using EVs) have dropped dramatically

The first UCS analysis of the emissions from EV driving in 2012 showed promise for EVs, but the emissions for some parts of the country were equal to the efficient non-hybrid gasoline cars of the time. In the 2012 analysis, only 45% of the country lived where driving an EV was better than a 50 MPG gasoline car. In this most recent analysis, that number has skyrocketed to 97% of the country living where the average EV is better than the most efficient gasoline vehicle (57 mpg). And for everyone in the US, driving the most efficient EV produces less global warming emissions than any gasoline-only vehicle available (including non-plug-in hybrids).

Driving on electricity is better, for trips that require a car

Switching from gasoline to electricity means significant reductions in climate-changing emissions and this transition is a necessary step to avoid the worst impacts of climate change. But the emissions savings from not driving altogether are even higher. Replacing driving with public transit or e-bikes can greatly reduce emissions. And walking or using a traditional bike means avoiding air pollution and climate-changing emissions altogether. With our current transportation system, it’s difficult for many people to switch all their trips to transit, walking, or biking, but using these modes even part of the time can make a positive difference in the pollution from personal transportation.

Notes on calculations

The analysis presented in this blog uses the methods detailed in the 2022 report “Driving Cleaner”, with the following modifications:"
Electric Vehicle Myths,https://www.epa.gov/greenvehicles/electric-vehicle-myths,"EV Facts

Myth #1: Electric vehicles are worse for the climate than gasoline cars because of power plant emissions.

FACT: Electric vehicles (EVs) typically have a smaller carbon footprint than gasoline cars, even when accounting for the electricity used for charging, plus they are far more efficient when it comes to energy use. Electric vehicles have no tailpipe emissions. Generating the electricity used to charge EVs, however, may create carbon pollution. The amount varies widely based on how local power is generated, e.g., using coal or natural gas, which emit carbon pollution, versus renewable resources like wind or solar, which do not. Even accounting for these electricity emissions, research shows that an EV is typically responsible for lower levels of greenhouse gases than an average new gasoline car. To the extent that more renewable energy sources like wind and solar are used to generate electricity, the total GHGs associated with EVs could be even lower. (In 2020, renewables became the second-most prevalent U.S. electricity source.1 ) Learn more about electricity production in your area by visiting EPA’s Power Profiler interactive webpage. By simply inputting your zip code, you can find the energy mix in your region. A significant advantage of EVs compared to conventional gasoline vehicles is their energy efficiency. EVs use approximately 87%–91% of the energy from the battery and regenerative braking to propel the vehicle. Gasoline vehicles only convert about 16–25% of the energy from gasoline into movement (averaging highway and city driving).2 EPA and Department of Energy's Beyond Tailpipe Emissions Calculator can help you estimate the greenhouse gas emissions associated with charging and driving an EV or a plug-in hybrid electric vehicle where you live. You can select an EV or PHEV model and type in your zip code to see the CO 2 emissions and how they stack up against those associated with a gasoline car.

Myth #2: Electric vehicles are worse for the climate than gasoline cars because of battery manufacturing.

FACT: The greenhouse gas emissions associated with an electric vehicle over its lifetime are typically lower than those from an average gasoline-powered vehicle, even when accounting for manufacturing. Some studies have shown that making a typical EV can create more carbon pollution than making a gasoline car. This is because of the additional energy required to manufacture an EV’s battery. Still, over the lifetime of the vehicle, total GHG emissions associated with manufacturing, charging, and driving an EV are typically lower than the total GHGs associated with a gasoline car. That’s because EVs have zero tailpipe emissions and are typically responsible for significantly fewer GHGs during operation (see Myth 1 above). For example, researchers at Argonne National Laboratory estimated emissions for both a gasoline car and an EV with a 300-mile electric range. In their estimates, while GHG emissions from EV manufacturing and end-of-life are higher (shown in orange below), total GHGs for the EV are still lower than those for the gasoline car. Estimates shown3 from GREET 2 2021 are intended to be illustrative only. Estimates represent model year 2020. Emissions will vary based on assumptions about the specific vehicles being compared, EV battery size and chemistry, vehicle lifetimes, and the electricity grid used to recharge the EV, among other factors. Above, the blue bar represents emissions associated with the battery. The orange bars encompass the rest of the vehicle manufacturing (e.g., extracting materials, manufacturing and assembling other parts, and vehicle assembly) and end-of-life (recycling or disposal). The gray bars represent upstream emissions associated with producing gasoline or electricity (U.S. mix), and the yellow bar shows tailpipe emissions during vehicle operations. Recycling EV batteries can reduce the emissions associated with making an EV by reducing the need for new materials. While some challenges exist today, research is ongoing to improve the process and rate of EV battery recycling. For more information on EV battery development and recycling, visit: U.S. Department of Energy’s ReCell Center

National Blueprint for Lithium Batteries, 2021-2030 (pdf) (1.6 MB, June 2021, report published by the Federal Consortium for Advanced Batteries)

Myth #3: Electric vehicle batteries are unreliable and need to be replaced every few years.

FACT: Electric vehicle battery replacements due to failures are uncommon. Unlike starter batteries used in gasoline vehicles, electric vehicle drivetrain batteries are designed to last the lifetime of the vehicle and recent data shows they have very low failure rates. A recent study of about 15,000 vehicles from the earliest models through model year 2023 showed that electric vehicle battery replacements due to failure have been rare, at an average of 2.5%, outside of major recalls.4 Vehicle and battery technologies have improved since 2010, when modern EVs first entered the market, and since model year 2016 they have had less than a 0.5% failure rate. The majority of these batteries would have been covered as part of the manufacturer's warranty. (Source: U.S. DOE, citing Recurrent, 2023) Note: Does not include EV battery recall replacements. Plug-in vehicles include all-electric and plug-in hybrid electric vehicles. Batteries do tend to lose some of their initial range over time, but this study found that 97.5% of EVs are still using their original batteries (outside major recalls), and the replacement rate falls to under one percent for EVs made from 2016 onward. Current batteries and technologies have vastly improved since 2010, with expectations to improve performance and reliability while reducing impacts to the environment. Visit Department of Energy’s Vehicle Technologies Office to learn about the future of EV batteries.

Myth #4: The increase in electric vehicles entering the market will collapse the U.S. power grid.

FACT: Electric vehicles have charging strategies that can prevent overloading the grid, and, in some cases, support grid reliability. It is true that the increasing number of electric vehicles on the road will lead to increased electricity demand. Yet, how that impacts the grid will depend on several factors, such as the power level and time of day when vehicles are charged, and the potential for vehicle-to-grid charging 5 among others. EVs can be charged at off-peak times , such as overnight, when rates are often cheaper. Even with a mix of charging times (so not all nighttime charging), research indicates that sufficient capacity will exist to cover EVs entering the market in the coming years. 6 And further down the road, when renewables make up a larger part of our energy mix in many regions, switching to more daytime charging (when some renewables like solar generate energy) with some energy storage capability should allow the grid to handle increases in EV charging. 7 California leads the country with more than 1 million electric vehicles and EV charging currently makes up less than 1% of the state’s grid total load, even during peak hours. 8

, such as overnight, when rates are often cheaper. Even with a mix of charging times (so not all nighttime charging), research indicates that sufficient capacity will exist to cover EVs entering the market in the coming years. And further down the road, when renewables make up a larger part of our energy mix in many regions, switching to more daytime charging (when some renewables like solar generate energy) with some energy storage capability should allow the grid to handle increases in EV charging. California leads the country with more than 1 million electric vehicles and EV charging currently makes up less than 1% of the state’s grid total load, even during peak hours. EV charging consumed less electricity than water heating and air conditioning in a typical U.S. household in 2020, according to recent data released by the U.S. Energy Information Agency. 9

in a typical U.S. household in 2020, according to recent data released by the U.S. Energy Information Agency. Vehicle-to-grid (V2G) charging allows EVs to act as a power source that may help with grid reliability by pushing energy back to the grid from an EV battery. This is done by allowing EVs to charge when electricity demand is low and drawing on them when that demand is high. Long term, higher electricity demand from EV growth may drive the need for upgrades to transmission and distribution infrastructure. Planning for this possibility is underway. The Department of Energy’s Build a Better Grid Initiative, launched as part of the Infrastructure Investment and Jobs Act, will provide over $13 billion towards improving the reliability and efficiency of the grid over the next decade. Visit DOE’s Infrastructure Investment and Jobs Act and search “grid infrastructure” to see where the initial investments will be made.

Myth #5: There is nowhere to charge.

FACT: Electric vehicles can be plugged into the same type of outlet as your toaster! When you need to charge while on the road, you’ll find over 77,000 stations and 219,000 EV charging ports in the U.S. available to the public. Many people can meet their driving needs by plugging in only at home. Most EVs can be charged with a standard 120 Volt (Level 1) outlet. To charge the vehicle more quickly, you can install a dedicated 240 Volt (Level 2) outlet or charging system. And for those who live in apartments or condominiums, EV charging stations are becoming a more common building amenity. Access to EV charging will increase significantly in the coming years as a result of government initiatives put in place as part of the Infrastructure Investment and Jobs Act, including an investment of up to $7.5 billion to build out a national network of electric vehicle chargers along highways, and in communities and neighborhoods. For the most current charger data, the Joint Office of Energy and Transportation tracks the continuous growth of EV chargers over time. For up-to-date information on EV charging locations, visit their Electric Vehicle Charging Stations map. Interested in seeing how many chargers may be needed in your area? Use DOE’s EV Pro Lite Tool to get an estimate on charging needs in your state or metropolitan area as EV adoption grows.

Myth #6: Electric vehicles don’t have enough range to handle daily travel demands.

FACT: Electric vehicle range is more than enough for typical daily use in the U.S. EVs have sufficient range to cover a typical household’s daily travel. In 2022, according to the National Household Travel Survey, over 73% of all on-road passenger trips were 10 miles or less, and over 98% were less than 75 miles.10 Today, most EV models go above 200 miles on a fully-charged battery, with all new models rated for more than 100 miles on a single charge. And automakers have announced plans to release even more long-range models in the coming years. Range estimates for specific EVs are available from the Find A Car tool — click on the car you are interested in, and check out the “EPA Fuel Economy” line in the table. How you drive your vehicle and the driving conditions, including hot and cold weather, also affect the range of an EV; for instance, researchers found on average range could decrease about 40% due to cold temperatures and the use of heat.11

Myth #7: Electric vehicles are not as safe as comparable gasoline vehicles.

FACT: Electric vehicles must meet the same safety standards as conventional vehicles. All light duty cars and trucks sold in the United States must meet the Federal Motor Vehicle Safety Standards. To meet these standards, vehicles must undergo an extensive, long-established testing process, regardless of whether the vehicle operates on gasoline or electricity. Separately, EV battery packs must meet their own testing standards. Moreover, EVs are designed with additional safety features that shut down the electrical system when they detect a collision or short circuit. For more information, visit DOE’s Alternative Fuel Data Center.

1 U.S. Energy Information Administration (EIA): Renewables became the second-most prevalent U.S. electricity source in 2020 . ↵

2 Electric vehicles (combined): Where the Energy Goes: Electric Cars . Gasoline vehicles (combined): Where the Energy Goes: Gasoline Vehicles ↵

3 Assumptions: EV with 300-mile range; vehicle lifetime of 173,151 miles for both EV and gas car; 30.7 MPG gas car; and U.S. average grid emissions. ↵

4 Recurrent, New Study: How Long Do Electric Car Batteries Last? , Liz Najman, March 27, 2023. ↵

5 Department of Energy (DOE), Federal Energy Management Program, Bidirectional Charging and Electric Vehicles for Mobile Storage . ↵

6 U.S. Driving Research and Innovation for Vehicle Efficiency and Energy Sustainability (USDRIVE), Summary Report on EVs at Scale and the U.S. Electric Power System (pdf) (706 KB, November 2019); and DOE, Electric Vehicles at Scale – Phase I Analysis: High EV Adoption Impacts on the Western U.S. Power Grid (pdf) (15.3 MB, July 2020). ↵

7 Nature Energy, Charging infrastructure access and operation to reduce the grid impacts of deep electric vehicle adoption , September 22, 2022. ↵

8 E & E News: Renewable Energy, Why Electric Vehicles Won’t Break the Grid , September 19, 2022. ↵

9 U.S. Energy Information Administration, 2020 Residential Energy Consumption Survey , Detailed end-use consumption and expenditure estimates, Tables CE5.3a (pdf) (436 KB) & CE5.3b (pdf) (371 KB) June 2023. ↵

10 U.S. Department of Transportation, Federal Highway Administration, NextGen Origin-Destination Data Products , accessed June 28, 2024. ↵"
Electric Vehicles,https://climate.mit.edu/explainers/electric-vehicles,"Electric vehicles (EVs) are a cleaner alternative to gasoline- or diesel-powered cars and trucks—both in terms of harmful air pollution, and the greenhouse gas emissions that are causing climate change.



Most cars and trucks use an “internal combustion engine” (ICE), powered by burning oil-based fuels. When burned, those fuels create climate-warming carbon dioxide (CO 2 ) and other pollutants the vehicles release from their tailpipes.



Electric vehicles have neither engines nor tailpipes. Instead, they have batteries that power electric motors. It’s the same setup as a remote-controlled toy car, although a great deal of hard engineering has gone into making this work with a heavy, human-scaled vehicle that runs for hundreds of miles on a single charge.

Challenges to electric vehicle adoption

Cars and trucks produce a fifth of all climate pollution in the U.S.1 And because new cars normally stay on the road for 15 to 20 years, much of that pollution is already “locked in” into the 2040s. If electric vehicles are going to change the way we travel in time to meet our climate goals, people need to start choosing them over ICE cars today.



In many ways, EVs are already an attractive purchase. They’re fast, quiet, don’t need much maintenance, and because it’s cheaper to charge their batteries with electricity than to buy gasoline, the “total cost of ownership” of EVs is very competitive.



Still, EVs tend to cost more upfront than comparable ICE cars, which is a key consideration for many car buyers, and additional cost is required to install a dedicated EV charger at home. To solve this problem, governments can subsidize EVs. In the U.S., buyers can claim tax credits up to $7,500 for buying a new EV,2 and many states offer more.



In addition to cost, EVs must meet drivers’ expectations. Most drivers buy cars not just because they’re good enough for daily travel, but also to meet the demands of their longest trips. Only recently have EV batteries become good enough to drive 300+ miles, or to provide reliable charges for heavy vehicles like pickup trucks and buses. For the heaviest vehicles, like long-distance freight trucks and construction vehicles, EVs still lag in performance. And a larger system of EV charging stations is needed to match the U.S. network of over 100,000 gas stations.

Just how clean are electric vehicles?

Electric vehicles are unambiguously better for the climate than ICE cars. But they do create some pollution.



That’s because the electricity that powers EVs has to come from somewhere: often, a fossil fuel power plant. Luckily, power plants are much more efficient at making energy than a car engine, so even an EV that runs entirely on electricity from coal—the very “dirtiest” fossil fuel—will still produce less CO 2 per mile driven than a similar ICE car.3



In practice, most electric grids have a mix of fossil fuels and clean energy. An electric car charged on the average U.S. electric grid creates just a third as much CO 2 per mile as a similar ICE car: the equivalent of a gasoline car that gets over 100 miles per gallon.4 And as the grid itself improves, EVs already on the road will continue to get cleaner.



Manufacturing EV batteries, and mining and refining the minerals used in them, also creates climate pollution. An EV rolling off the factory floor has likely produced 50% to 80% more CO 2 than a similar ICE vehicle before it drives a single mile.5 The EV then “pays off” these manufacturing emissions by driving cleaner over a lifetime of use.6



All this means that, while EVs can help lower our greenhouse gas emissions by replacing ICE vehicles, they are not perfect. EVs are best seen as part of a suite of tools for clean transportation. Where practical, walking, biking, or using public transportation will almost always create less CO 2 than EVs, while EVs have a unique role serving longer trips and those that can only be taken by car.

Electric vs. hybrid vehicles A fully electric vehicle, or “battery electric vehicle” (BEV), is quite different from a “hybrid electric vehicle” (HEV). The hybrid has a normal internal combustion engine, but also has an electric motor and battery that can capture energy that would otherwise be lost during braking. Using both the engine and its electric motor to turn its wheels, an HEV can get by on much less fuel than a standard ICE car, but ultimately all its energy comes from oil.



In between a hybrid and BEV is a “plug-in hybrid electric vehicle” (PHEV). This still has an engine, but also has a mid-sized battery that can be charged directly and power the car on its own. A PHEV acts like a fully electric vehicle on smaller journeys, only burning fuel on longer trips that exceed the range of its battery.

Published July 24, 2023."
Why EVs Alone Won’t Fix Climate Change,https://cayimby.org/map/why-evs-alone-wont-fix-climate-change/,"MAP Issue Primer Why EVs Alone Won’t Fix Climate Change Electric cars aren’t enough: we need to drive less.

Why do we need walkable cities and better public transit? Won’t electric vehicles solve the climate issue with transportation?

No. Replacing more gas-powered cars with electric vehicles (EVs) will definitely help reduce climate pollution, but it won’t solve all our problems. The California Air Resources Board said it plainly in 2018: “California cannot meet its climate goals without curbing growth in single-occupancy vehicle activity.”

That’s why we also need to cut overall driving — measured by vehicle miles traveled, or VMT — by reforming land use, improving public transit, and investing in complete streets.

Land use reforms that allow for greater urban density help put more people within walking or biking distance of daily necessities, reducing the need for regular car trips. Urban density also makes robust public transit more viable, because transit can serve a greater number of riders in dense areas.

There are two key reasons why EVs alone won’t solve the climate crisis: the first is a problem of latency, and the second is pollution related to EVs themselves.

Let’s start with latency. What does that mean?

While sales of EVs have skyrocketed in recent years, it will be a very long time before all gas-powered vehicles are off the road. That’s the latency problem in a nutshell.

EVs today make up a small share of personal vehicles in the US, and researchers have estimated that gas-powered vehicles will continue to be sold into the 2040s. Even if 100 percent of new cars sold this year were EVs (rather than 22 percent), it would take until the late 2030s, at the earliest, for all vehicles on the road to be electric. Given that even California is going to allow the sale of gas-powered vehicles up to 2035, real-world latency will likely persist for significantly longer.

What about the pollution issue? How exactly do EVs pollute?

Tailpipe emissions are only one of the ways that private vehicles commute. Particulate matter released from tires, brakes, and road dust are also a major source of pollution — and while EVs don’t have tailpipes, they do have tires and brakes.

Similarly, EVs still need to get their energy from somewhere. Most EVs have large lithium-ion batteries, which have an intense manufacturing process. The mining of lithium, cobalt and nickel requires a huge amount of water and can produce toxic waste. Fossil fuels are used in the manufacturing process to heat the raw minerals to very high temperatures. As a result, building an EV “can produce around 80% more emissions than building a comparable gas-powered car.”

Saving the climate aside, are their other benefits to reducing VMT?

I’m glad you asked. Some of the other benefits include:

Traffic safety. Tens of thousands of people die in traffic collisions every year. Reducing VMT would necessarily reduce the incidence of fatal car collisions. Additionally, research shows that urban density is closely associated with fewer traffic deaths.

Tens of thousands of people die in traffic collisions every year. Reducing VMT would necessarily reduce the incidence of fatal car collisions. Additionally, research shows that urban density is closely associated with fewer traffic deaths. Quieter neighborhoods. Private vehicles make a lot of noise, and noise pollution can have serious public health consequences. Less traffic in residential areas means happier, healthier neighborhoods.

Shorter commute times. The nice thing about sidewalks, bike lanes, dedicated bus lanes and rail lines is that they’re much less prone to congestion than freeways. Reducing VMT means reclaiming some of the many hours that Americans spend stuck in traffic each year.

Sounds like you’re pretty anti-EV?

Not necessarily. As mentioned above, EVs are much better for the environment than gas-powered vehicles. Research has shown that EVs produce significantly less pollution than gas-powered vehicles. Many people will continue to need a personal vehicle for years to come, and EVs are the best alternative that currently exists. However, EVs alone cannot address the climate crisis. It is crucial to reduce all driving.

That sounds reasonable enough. Where can I learn more?

Here are some resources if you’d like to learn more:

This primer was prepared by Emily Jacobson and Spencer Richard."
"The environmental impact of current-generation electric vehicles, manufacturing and running",https://www.carbonclick.com/news-views/the-environmental-impact-of-current-generation-electric-vehicles-manufacturing-and-running,"FAQ's

What is the environmental impact of current generation electric vehicles?

Electric vehicles (EVs) are better for the environment than traditional cars. They use less energy and don't emit pollution when running on electricity. But, making them involves a lot of environmental harm, like mining for materials and making batteries.

How do electric vehicles help in the movement against climate change?

EVs cut down on greenhouse gases by using electric motors that are more efficient than old-style engines. When charged by renewable energy, they greatly reduce carbon emissions. This helps protect the environment.

What are the benefits of adopting electric vehicles?

EVs have many advantages. They produce fewer emissions, save money, and can run on clean energy. They also help make transport more efficient and improve city air quality.

What are the environmental concerns associated with raw material extraction for EVs?

Getting materials like lithium and cobalt for EV batteries can harm nature. It's important to mine these materials in a way that's good for the planet. We also need to find alternative materials to lessen the harm.

Why is battery manufacturing associated with high emissions?

Making batteries is energy-intensive and causes emissions. It needs a lot of electricity, often from sources that aren't good for the environment. This makes the process bad for the environment.

What challenges are involved in the assembly and production of electric vehicles?

Making EVs on a large scale is hard. It requires making production sustainable. This means using energy wisely, cutting waste, and managing the supply chain well.

How do electric vehicles compare to conventional vehicles in terms of carbon footprint?

EVs are generally better for the planet than traditional cars. They use energy more efficiently and don't emit pollution when on electricity. But, their impact also depends on where the electricity comes from.

What does a life cycle assessment of electric vehicles reveal?

A life cycle study shows EVs are generally better for the planet. It looks at the environmental effects from making the vehicle to its end. EVs come out as better and healthier, even with emissions from making electricity and disposing of batteries.

How does the method of electricity generation impact EV emissions?

The emissions from EVs depend on where the electricity comes from. Using clean energy like wind or solar power makes EVs much better for the planet. But, using electricity from fossil fuels makes them worse.

What are the advantages of using renewable energy sources for EV charging?

Using clean energy for charging EVs cuts down on fossil fuel use and emissions. It makes EVs better for the environment and helps reduce carbon emissions.

How do smart grids contribute to reducing EV emissions?

Smart grids use renewable energy better in the power grid. This makes charging EVs cleaner and supports sustainable transport. It's part of a bigger effort to use energy efficiently.

What are the current challenges in EV battery recycling technology?

Recycling EV batteries is tricky. We need to find ways to recycle them efficiently and safely. It also requires building a big recycling network.

What future prospects exist for the disposal of electric vehicle batteries?

The future looks bright for recycling EV batteries. We're working on better recycling tech and finding new uses for old batteries. Setting global recycling standards is also key to protecting the environment.

How do government policies promote the adoption of electric vehicles?

Governments help by offering money incentives and tax breaks for EVs. These policies aim to reduce pollution and encourage the use of clean energy.

What regulations are in place to reduce carbon footprints through EV adoption?

Laws set strict emissions limits for vehicles and support renewable energy. They also require car makers to produce more EVs. This helps lower carbon emissions overall.

What are the current market trends and consumer preferences regarding electric vehicles?

More people want EVs because they're good for the planet and save money. They also like the latest EV technology. This makes sustainable transport more popular.

What are common myths and misconceptions about electric vehicles?

Some think EVs have limited range and are expensive to charge. But, modern EVs have good range, more charging spots, and are cheaper to run than traditional cars."
