Word,POS Tag,Frekuensi
kasih,NOUN,15219
sangat,ADV,14846
mudah,ADJ,12641
terima,VERB,10472
jelas,ADJ,9630
cepat,ADJ,8849
ramah,ADJ,8548
kartu,NOUN,7460
tidak,PART,7454
layan,NOUN,6023
baik,ADJ,5704
cs,NOUN,5701
proses,NOUN,5056
bantu,VERB,4710
limit,NOUN,4160
terima,NOUN,4002
kredit,NOUN,3882
bagus,ADJ,2999
sekali,ADV,2333
ribet,ADJ,2322
bantu,NOUN,2252
banget,X,1976
call,PROPN,1926
mantap,ADJ,1886
daftar,NOUN,1792
detail,ADJ,1777
customer,NOUN,1752
data,NOUN,1726
paham,VERB,1537
informasi,NOUN,1532
nya,PRON,1490
nama,NOUN,1478
tuju,VERB,1427
aktivasi,NOUN,1419
lancar,ADJ,1267
sukses,ADJ,1186
service,NOUN,1162
acc,PROPN,1136
video,NOUN,1121
langsung,ADV,1040
cs,X,999
pakai,VERB,993
gampang,ADJ,968
manfaat,NOUN,941
card,PROPN,925
welcome,X,910
belum,PART,896
aman,ADJ,885
guna,ADP,862
aja,VERB,805
bayar,VERB,778
call,NOUN,739
kali,NOUN,728
respon,NOUN,715
sopan,ADJ,710
aktif,ADJ,697
verifikasi,NOUN,690
bintang,NOUN,649
lama,ADJ,648
langsung,ADJ,646
trimakasih,NOUN,641
isi,NOUN,637
simple,ADJ,625
call,X,618
acc,NOUN,612
keren,ADJ,607
coba,VERB,601
care,NOUN,597
admin,NOUN,574
apk,NOUN,550
depan,ADJ,545
biaya,NOUN,529
lah,PART,527
detail,NOUN,524
guna,NOUN,516
transaksi,NOUN,503
kendala,NOUN,494
cepet,X,481
jam,NOUN,475
sulit,ADJ,474
muas,ADJ,471
butuh,VERB,464
info,NOUN,461
pokok,NOUN,459
arah,NOUN,446
vc,NOUN,431
tipu,NOUN,430
operator,NOUN,427
belanja,NOUN,427
good,PROPN,423
lengkap,ADJ,421
sukses,NOUN,415
percaya,VERB,406
jangan,PART,404
lumayan,ADV,402
best,PROPN,395
masuk,VERB,391
bunga,NOUN,388
sampai,ADP,382
buka,VERB,379
orang,NOUN,373
the,PROPN,371
simpel,ADJ,369
terang,ADJ,363
costumer,NOUN,363
tunggu,VERB,353
care,PROPN,351
top,ADJ,350
sabar,ADJ,341
puas,ADJ,339
tolak,VERB,335
credit,PROPN,332
aktifasi,NOUN,329
hapus,VERB,322
rekomendasi,NOUN,320
tunggu,X,320
senang,ADJ,317
fitur,NOUN,308
customer,PROPN,298
bank,NOUN,293
pake,X,292
informatif,ADJ,292
tugas,NOUN,290
uang,NOUN,289
edukasi,NOUN,283
kirim,VERB,280
hati,NOUN,280
acc,ADJ,278
tolak,NOUN,275
gagal,VERB,273
rupiah,NOUN,272
bayar,NOUN,270
trima,NOUN,267
welcome,PROPN,267
salah,ADJ,262
kait,NOUN,254
tele,NOUN,252
ktp,NOUN,250
center,PROPN,249
akun,NOUN,247
benar,ADJ,244
apply,NOUN,239
singkat,ADJ,238
maju,VERB,237
tolong,NOUN,234
registrasi,NOUN,231
jasa,NOUN,229
nasabah,NOUN,223
approve,NOUN,218
fisik,NOUN,216
iklan,NOUN,215
you,PROPN,215
pake,VERB,215
hasil,NOUN,213
alam,NOUN,209
tinggal,ADV,208
tambah,VERB,207
menit,NOUN,207
syarat,NOUN,206
sehat,ADJ,206
wajah,NOUN,203
vc,PROPN,202
admin,PROPN,201
alhamdulil,NOUN,201
qris,NOUN,200
awan,NOUN,198
konfirmasi,NOUN,196
muncul,VERB,194
banget,VERB,193
online,ADJ,188
sesuai,ADP,188
naik,VERB,188
ambar,NOUN,188
indah,ADJ,187
erik,NOUN,185
kembang,NOUN,185
sya,PRON,184
jalan,NOUN,182
foto,NOUN,178
komunikatif,ADJ,178
bikin,VERB,178
video,PROPN,177
servis,NOUN,176
buruk,ADJ,176
sesuai,ADJ,173
hari,NOUN,172
hapus,NOUN,172
padat,ADJ,171
lupa,VERB,171
cicil,VERB,168
produk,NOUN,163
coba,ADV,162
vidio,NOUN,162
up,PROPN,159
job,PROPN,158
kirim,NOUN,158
praktis,ADJ,157
agen,NOUN,156
anam,NOUN,155
panggil,VERB,154
aneh,ADJ,154
pas,NOUN,154
depan,NOUN,153
tuju,NOUN,153
saldo,NOUN,153
nyaman,ADJ,152
selesai,VERB,151
juta,NOUN,151
tanggap,VERB,150
download,NOUN,149
tagih,VERB,149
tarik,VERB,149
jaga,VERB,149
welcome,NOUN,147
saran,NOUN,147
suruh,NOUN,146
ngajuin,VERB,146
enak,ADJ,146
sayang,ADJ,145
tingkat,NOUN,145
rinci,ADJ,145
suka,VERB,143
alhamdulil,VERB,143
aji,NOUN,143
masalah,NOUN,142
sistem,NOUN,142
anas,NOUN,141
banget,ADV,141
mubarok,NOUN,140
maxi,NOUN,140
hubung,VERB,140
usaha,NOUN,139
thank,PROPN,139
salah,VERB,138
ulang,NOUN,136
belit,VERB,136
hubung,NOUN,136
maaf,NOUN,135
bukan,PART,134
kakak,NOUN,133
ny,NOUN,133
jaya,NOUN,132
batu,NOUN,131
dana,NOUN,130
mohon,VERB,130
approval,NOUN,130
tagih,NOUN,129
approve,X,128
kerja,NOUN,127
malam,NOUN,126
mukhtar,NOUN,125
profesional,ADJ,122
amanah,NOUN,122
super,ADV,120
solusi,NOUN,119
pagi,NOUN,119
cpt,NOUN,119
pelayana,NOUN,119
burhan,NOUN,118
wa,PROPN,117
arif,ADJ,116
tolong,ADV,116
trims,NOUN,115
specialist,X,115
murah,ADJ,115
poko,NOUN,114
pinjol,NOUN,113
pinjam,NOUN,113
mantab,ADJ,113
tgl,NOUN,113
mohon,NOUN,112
suruh,VERB,112
putri,NOUN,112
milik,NOUN,112
dodi,NOUN,112
via,PROPN,111
responsif,ADJ,111
acc,X,111
perak,NOUN,110
kena,VERB,109
bijak,ADJ,109
bilang,VERB,109
wellcome,PROPN,109
doang,X,109
yaa,PART,107
hones,NOUN,106
cantik,ADJ,106
adnan,NOUN,106
sgt,NOUN,104
bulan,NOUN,104
mana,PRON,104
arifin,NOUN,104
dan,CCONJ,103
muas,NOUN,103
cs,PROPN,102
ribu,NOUN,102
rumah,NOUN,102
pribadi,ADJ,102
kecewa,ADJ,102
ny,X,102
pengajua,NOUN,101
nya,DET,101
gede,NOUN,101
mula,NOUN,101
nara,NOUN,101
bicara,VERB,101
gimana,ADV,101
eky,NOUN,100
agent,NOUN,99
blokir,NOUN,99
soni,NOUN,99
satria,NOUN,99
care,X,98
bener,NOUN,98
yunus,NOUN,97
fahri,NOUN,97
si,DET,97
kaya,ADJ,97
pas,VERB,97
teman,NOUN,96
apa,PRON,96
rayhan,NOUN,96
terimaksih,VERB,95
senyum,ADJ,95
akurat,ADJ,95
tanggung,VERB,95
set,NOUN,94
ku,PRON,94
cs,ADJ,92
layan,X,92
ttg,NOUN,92
had,NOUN,91
tinggal,VERB,91
thank,NOUN,91
tahun,NOUN,90
tahan,VERB,90
alas,NOUN,90
muda,ADJ,90
ngasih,VERB,90
service,X,89
rumit,ADJ,89
rendah,ADJ,89
bahasa,NOUN,89
dll,NOUN,88
videocall,NOUN,88
cust,NOUN,88
fast,PROPN,88
tpi,NOUN,87
cuman,ADV,87
komunikasi,NOUN,87
jgn,X,87
ksh,NOUN,86
kaka,NOUN,86
to,PROPN,86
customer,X,86
ambil,VERB,86
scan,NOUN,85
tolong,VERB,85
tanggal,NOUN,85
bg,X,85
detil,ADJ,84
cocok,ADJ,84
beli,VERB,83
siang,NOUN,83
sat,NOUN,82
jelasin,VERB,82
verifikasi,VERB,82
dewan,NOUN,82
vcall,NOUN,81
gita,NOUN,80
sayful,NOUN,80
merry,PROPN,80
yosep,NOUN,80
bingung,VERB,80
tim,NOUN,79
update,NOUN,79
rama,NOUN,79
hindar,VERB,78
bca,NOUN,78
nomor,NOUN,78
download,VERB,77
gaji,NOUN,77
amanda,NOUN,77
penuh,ADJ,77
kasi,NOUN,77
syaiful,PROPN,76
dila,NOUN,76
cm,NOUN,75
min,NOUN,75
specialist,ADJ,75
org,NOUN,75
no,PROPN,75
alhamdulil,ADJ,75
harap,ADV,74
staff,NOUN,74
desi,NOUN,74
tangan,NOUN,74
eva,NOUN,74
no,NOUN,74
bp,NOUN,74
pilih,VERB,73
lugas,ADJ,73
recomended,ADJ,73
jga,X,73
modus,NOUN,72
telpon,NOUN,72
team,NOUN,72
jelek,ADJ,71
pinjam,VERB,71
salam,NOUN,71
saudara,NOUN,71
custumer,NOUN,70
trs,NOUN,70
is,PROPN,70
cicil,NOUN,70
gimana,X,69
aja,X,69
akses,NOUN,69
belit,ADJ,69
full,ADJ,69
ade,NOUN,69
mending,X,69
ny,PROPN,69
sangan,NOUN,68
eggy,NOUN,68
beda,ADJ,68
cepet,VERB,68
emang,X,67
buat,ADP,67
amel,NOUN,67
kunci,NOUN,66
pemberitahuan,NOUN,66
buat,VERB,66
derby,NOUN,65
pradana,NOUN,65
via,NOUN,65
coba,X,65
tunai,NOUN,65
fahami,VERB,64
yusep,NOUN,64
lolos,VERB,64
minggu,NOUN,64
had,X,64
perlu,ADV,64
dila,PRON,63
jaya,ADJ,63
besok,NOUN,63
tolong,X,63
pas,X,62
uninstall,VERB,61
dipake,VERB,61
ni,PROPN,61
aprove,NOUN,61
laku,NOUN,61
lanjut,VERB,61
gabung,VERB,61
egi,NOUN,61
lunas,ADJ,60
atas,ADP,60
santun,ADJ,60
trimaksih,NOUN,60
trmksh,NOUN,60
jujur,ADJ,60
dn,X,60
callnya,NOUN,60
wellcome,X,59
zin,NOUN,59
instal,VERB,59
terimakasi,VERB,59
wellcome,NOUN,59
bimbing,VERB,59
sempat,ADV,59
iseng,NOUN,58
smg,NOUN,58
pungki,NOUN,58
alamat,NOUN,58
ringan,ADJ,58
biar,NOUN,58
fast,X,58
ayu,NOUN,58
bik,VERB,57
putri,PROPN,57
kenal,VERB,57
modal,NOUN,57
service,PROPN,57
cicil,ADJ,56
langgan,NOUN,56
login,NOUN,56
konsumen,NOUN,56
wa,NOUN,56
amin,NOUN,56
jamin,VERB,55
atur,VERB,55
uninstal,VERB,55
william,PROPN,55
tutup,VERB,55
yah,PART,55
dapat,AUX,54
ngak,X,54
smua,NOUN,54
dija,PROPN,54
panggil,NOUN,54
terimah,VERB,54
paham,NOUN,54
luis,NOUN,53
kecewa,NOUN,53
mending,NOUN,53
tahap,NOUN,53
sma,NOUN,53
carenya,NOUN,53
ulfa,NOUN,53
suruh,X,53
masyarakat,NOUN,53
belanja,VERB,52
credit,NOUN,52
cs,VERB,52
digital,ADJ,52
beliau,PRON,52
staf,NOUN,52
biar,SCONJ,51
zi,PROPN,51
curi,VERB,51
ragu,ADJ,51
hitung,VERB,51
gua,NOUN,50
metode,NOUN,50
syaiful,NOUN,50
aktivitas,NOUN,50
sedia,ADJ,49
diacc,NOUN,49
sore,NOUN,49
otp,NOUN,49
perihal,NOUN,49
fleksibel,ADJ,49
fasilitas,NOUN,49
spesialist,NOUN,49
ubah,VERB,49
dri,NOUN,49
tempo,NOUN,49
paylater,NOUN,49
layan,PROPN,49
untung,ADP,49
jgn,NOUN,48
netty,NOUN,48
pasti,ADJ,48
krtu,NOUN,48
sampah,NOUN,48
mantab,NOUN,48
promo,NOUN,48
awal,ADJ,48
lambat,ADJ,48
vidcall,NOUN,48
yunet,NOUN,48
rekening,NOUN,48
urus,VERB,48
slip,NOUN,48
jah,NOUN,47
jatuh,VERB,47
kode,NOUN,47
asli,ADJ,47
kurang,ADV,47
christoper,PROPN,47
login,VERB,47
fast,ADJ,47
duit,NOUN,47
mantep,X,47
slalu,NOUN,47
tober,NOUN,47
doni,NOUN,47
dlu,X,46
ko,NOUN,46
mantapp,X,46
rizky,NOUN,46
kayak,X,46
indonesia,PROPN,46
baca,VERB,46
muka,NOUN,46
darurat,ADJ,46
sdr,PROPN,46
mb,NOUN,46
antoni,NOUN,46
paham,ADJ,46
terimkasih,VERB,45
lgsg,X,45
mohon,X,45
ojk,NOUN,45
minimal,ADJ,45
mbk,NOUN,45
arif,NOUN,45
hehe,X,45
takut,VERB,45
kridit,NOUN,45
bukti,NOUN,45
fungsi,NOUN,45
by,X,45
asmi,NOUN,44
kah,PART,44
hamdani,NOUN,44
skali,NOUN,44
putus,VERB,44
gin,NOUN,44
and,X,44
mulu,NOUN,44
cuman,VERB,44
tetep,X,44
ferdy,PROPN,43
lihat,VERB,43
lucu,ADJ,43
menu,NOUN,43
kl,X,43
banyak,ADV,43
william,NOUN,43
tata,NOUN,43
auto,NOUN,43
bahaya,NOUN,43
krna,NOUN,43
robi,NOUN,43
kpd,NOUN,43
ulas,VERB,43
perinci,NOUN,43
dilla,NOUN,42
debit,NOUN,42
yah,X,42
ganti,VERB,42
beri,VERB,42
hilang,VERB,41
skor,NOUN,41
lgsg,NOUN,41
tuk,NOUN,41
sdr,NOUN,41
honest,PROPN,41
pegang,VERB,41
wawancara,NOUN,41
perinci,VERB,41
gercep,NOUN,41
waspada,ADJ,41
prosedur,NOUN,41
erifa,NOUN,41
mantul,VERB,41
mah,NOUN,41
pin,NOUN,41
ringkas,ADJ,41
td,NOUN,41
rating,NOUN,40
komen,NOUN,40
dlu,NOUN,40
maxi,PROPN,40
christoper,NOUN,40
niat,NOUN,40
offline,ADJ,40
derby,PROPN,40
nomer,NOUN,40
janji,NOUN,40
iseng,X,40
rekomended,ADJ,40
mengatasnamakan,VERB,40
al,PROPN,39
mahal,ADJ,39
hornest,NOUN,39
rekomendasi,ADJ,39
sngat,NOUN,39
gamblang,ADJ,39
engga,X,39
topup,NOUN,39
bnget,X,39
kris,NOUN,39
swafoto,NOUN,39
limit,X,38
masukin,VERB,38
you,X,38
alf,PROPN,38
atha,NOUN,38
by,ADP,38
eki,NOUN,38
sllu,NOUN,37
transfer,NOUN,37
by,PROPN,37
user,NOUN,37
trims,PROPN,37
tlp,NOUN,37
payah,NOUN,37
mantappp,X,37
affan,NOUN,37
dn,NOUN,37
christopher,PROPN,37
bpjs,NOUN,37
maksimal,ADJ,37
reyhan,NOUN,37
sahabat,NOUN,37
bri,NOUN,37
arifin,PROPN,37
amanah,ADJ,37
kabar,NOUN,37
bantu,X,37
ngk,X,37
wajib,NOUN,36
pngajuan,NOUN,36
costumer,PROPN,36
sungguh,ADV,36
rizki,NOUN,36
bara,NOUN,36
selamat,ADJ,36
diza,PROPN,36
nyoba,NOUN,36
notif,NOUN,36
so,X,36
nyoba,VERB,36
depa,NOUN,36
fee,NOUN,35
ulang,ADV,35
ulas,NOUN,35
ujung,NOUN,35
faris,NOUN,35
kesan,NOUN,35
super,X,35
install,VERB,35
fahri,PROPN,35
pengunaan,NOUN,35
trm,NOUN,35
awas,NOUN,35
trimakasih,VERB,35
nice,PROPN,35
tarik,NOUN,35
nyaa,PRON,35
tunjuk,VERB,35
kocak,ADJ,35
tunggu,NOUN,34
ksih,NOUN,34
tanggung,NOUN,34
bangett,X,34
mantul,NOUN,34
bro,NOUN,34
review,NOUN,34
merchant,NOUN,34
uni,PROPN,34
custemer,NOUN,34
banding,NOUN,34
ccs,PROPN,34
selfi,NOUN,34
cek,VERB,34
aj,NOUN,34
biar,ADV,34
karyawan,NOUN,34
muhtar,NOUN,34
cari,VERB,34
thankyou,PROPN,34
jem,NOUN,33
jayadi,NOUN,33
perdana,ADJ,33
hafiz,NOUN,33
ismi,NOUN,33
lumayan,X,33
gila,NOUN,33
uya,NOUN,33
disalahgunakan,VERB,33
cair,ADJ,33
approved,X,33
makas,NOUN,33
thank,X,33
jaring,NOUN,33
rekomen,NOUN,33
harap,NOUN,33
chat,NOUN,33
lsg,X,32
custamer,NOUN,32
marak,ADJ,32
you,NOUN,32
makan,VERB,32
rugi,NOUN,32
berkah,NOUN,32
uda,X,32
sngt,NOUN,32
ats,NOUN,32
putar,NOUN,32
mengaktivasi,VERB,32
bawa,VERB,32
batas,NOUN,32
desy,NOUN,32
tamah,ADJ,32
ccs,NOUN,32
internet,NOUN,31
sgt,PROPN,31
sesi,NOUN,31
limite,NOUN,31
mbk,X,31
cuman,X,31
umur,NOUN,31
lapor,VERB,31
lapor,NOUN,31
bisnis,NOUN,31
muchtar,NOUN,31
team,PROPN,31
ngisi,VERB,31
tuh,X,31
ragu,VERB,31
aku,PRON,31
gabisa,X,31
kembali,ADV,31
selfie,NOUN,31
bik,NOUN,31
kerjasama,NOUN,31
aja,NOUN,31
trimakasi,NOUN,31
bener,VERB,31
tenor,NOUN,31
mah,X,30
support,NOUN,30
kemarin,ADV,30
biar,ADP,30
khusus,ADJ,30
sederhana,ADJ,30
bi,NOUN,30
program,NOUN,30
josua,NOUN,30
mengunakan,VERB,30
nilai,NOUN,30
mr,PROPN,30
friendly,PROPN,30
om,NOUN,30
bebas,ADJ,30
bener,X,30
eli,NOUN,30
malem,NOUN,30
teliti,ADJ,29
andal,ADJ,29
kilat,ADJ,29
nea,PROPN,29
ngerti,VERB,29
satset,NOUN,29
eggy,PROPN,29
saeful,NOUN,29
lebih,ADV,29
kualitas,NOUN,29
difahami,VERB,29
anti,ADJ,29
transparan,ADJ,29
ganggu,VERB,29
vc,X,29
putra,NOUN,29
blum,NOUN,29
nyesel,X,29
fanny,PROPN,29
dadak,NOUN,29
email,NOUN,29
beda,VERB,29
aamiin,NOUN,29
sumpah,NOUN,29
tentu,ADV,29
iqbal,NOUN,29
marketing,NOUN,28
apresiasi,NOUN,28
naikin,VERB,28
sonny,NOUN,28
first,PROPN,28
vidio,PROPN,28
mery,NOUN,28
vicall,NOUN,28
sll,NOUN,28
bravo,PROPN,28
honest,NOUN,28
slalu,ADJ,28
layan,ADJ,28
mukhtar,PROPN,28
specialist,NOUN,28
wiliam,NOUN,28
pas,ADJ,28
hutang,NOUN,28
had,PROPN,28
semangat,NOUN,28
mula,VERB,28
habis,ADJ,28
lu,NOUN,28
muktar,NOUN,27
andi,NOUN,27
pertama,ADJ,27
hehehe,X,27
pake,NOUN,27
bimbing,NOUN,27
makas,ADJ,27
siti,NOUN,27
terima,X,27
yah,NOUN,27
arief,NOUN,27
bru,NOUN,27
byk,X,27
inti,NOUN,27
bnyak,X,27
opsi,NOUN,27
buang,VERB,27
dng,X,27
tulis,NOUN,27
raih,VERB,27
kaget,ADJ,27
dija,VERB,27
bln,NOUN,27
gilir,NOUN,27
nambah,VERB,27
nyata,ADJ,27
kaga,X,27
jadi,VERB,26
semangat,ADJ,26
specialist,PROPN,26
penjelesan,NOUN,26
bos,NOUN,26
layan,VERB,26
all,PROPN,26
hitung,NOUN,26
terus,ADV,26
in,X,26
segitu,ADV,26
keluarga,NOUN,26
cepet,NOUN,26
tawar,VERB,26
hendri,NOUN,26
minggu,VERB,26
ngejelasin,VERB,26
kang,NOUN,26
rayhan,PROPN,26
muas,VERB,26
feby,NOUN,26
utama,ADJ,26
daftar,PROPN,26
lbh,X,26
riwayat,NOUN,26
zee,NOUN,25
asik,ADJ,25
yusep,PROPN,25
trima,VERB,25
bgus,NOUN,25
lngsung,X,25
zia,NOUN,25
otomatis,ADJ,25
online,PROPN,25
honset,NOUN,25
gratis,ADJ,25
barusan,NOUN,25
sayang,NOUN,25
bantua,NOUN,25
kooperatif,ADJ,25
liat,NOUN,25
ayo,NOUN,25
aktifin,NOUN,25
pikir,NOUN,25
tuk,VERB,25
nyangka,VERB,25
temen,NOUN,25
penyalahgunaan,NOUN,25
fatan,NOUN,25
saat,ADP,25
jaman,NOUN,25
iyan,PROPN,24
isyana,NOUN,24
uninstall,NOUN,24
trmksh,PROPN,24
welcoming,PROPN,24
ajuin,VERB,24
dewa,NOUN,24
diapprove,VERB,24
minimum,NOUN,24
permata,NOUN,24
aneh,NOUN,24
memberitahu,VERB,24
tahu,VERB,24
hebat,ADJ,24
best,X,24
download,X,24
liat,ADJ,24
allah,PROPN,24
jayadi,PROPN,24
untk,ADP,24
rekan,NOUN,24
jaga,NOUN,24
da,X,24
maksih,VERB,24
elly,PROPN,24
abang,NOUN,24
yunet,PROPN,24
himbauan,NOUN,23
agent,PROPN,23
harap,VERB,23
telp,NOUN,23
inovasi,NOUN,23
dea,NOUN,23
batal,ADJ,23
manis,ADJ,23
telat,ADJ,23
harga,NOUN,23
sengaja,ADV,23
senyum,NOUN,23
kadang,ADV,23
ingat,VERB,23
honnest,NOUN,23
ad,VERB,23
jawab,NOUN,23
lgi,X,23
alhamduli,NOUN,23
irsyad,NOUN,23
buru,VERB,23
centre,PROPN,23
kedok,NOUN,23
ahmad,NOUN,23
mukhtar,ADJ,23
efektif,ADJ,23
limit,ADJ,23
klik,VERB,23
sekian,ADV,23
mantab,X,23
louis,PROPN,23
lbh,NOUN,23
hr,NOUN,23
sinyal,NOUN,23
humble,NOUN,23
calon,NOUN,23
layak,ADJ,23
dtg,NOUN,23
anak,NOUN,23
tampil,VERB,23
mesti,AUX,23
minim,ADJ,23
donk,NOUN,23
dl,NOUN,23
jempol,NOUN,22
toko,NOUN,22
pesan,NOUN,22
permen,NOUN,22
berkah,VERB,22
apri,NOUN,22
admi,NOUN,22
avan,NOUN,22
ajar,NOUN,22
kembali,VERB,22
bagi,ADP,22
tabung,NOUN,22
ni,NOUN,22
desak,VERB,22
kek,X,22
klu,NOUN,22
fathan,NOUN,22
koran,NOUN,22
dinda,NOUN,22
dijelasin,VERB,22
gita,VERB,22
mkasih,NOUN,22
status,NOUN,22
gajelas,X,22
masak,NOUN,22
saipul,NOUN,22
limit,PROPN,22
mb,X,22
bentuk,NOUN,22
aamiin,ADJ,22
pemgajuan,NOUN,22
belah,VERB,22
yudi,PROPN,22
skrng,NOUN,21
salam,ADP,21
administrasi,NOUN,21
terimaksih,NOUN,21
pelayananan,NOUN,21
cristoper,NOUN,21
rek,NOUN,21
suara,NOUN,21
canggih,ADJ,21
tutup,NOUN,21
ucap,VERB,21
iur,NOUN,21
sungguh,ADJ,21
maaf,VERB,21
dija,NOUN,21
na,PROPN,21
plus,NOUN,21
ken,NOUN,21
kocak,NOUN,21
antri,NOUN,21
tips,NOUN,21
jga,NOUN,21
telepon,NOUN,21
kantor,NOUN,21
persen,NOUN,21
jelasin,X,21
erika,NOUN,21
main,VERB,21
dika,NOUN,21
gmna,NOUN,21
mlm,NOUN,20
komentar,NOUN,20
ikut,VERB,20
salahgunakan,VERB,20
kuota,NOUN,20
berat,ADJ,20
yuda,NOUN,20
pdhl,X,20
byr,NOUN,20
bsa,X,20
rekomend,NOUN,20
privasi,NOUN,20
baru,ADJ,20
ketemu,VERB,20
repot,ADJ,20
bni,NOUN,20
mandiri,ADJ,20
eric,PROPN,20
link,NOUN,20
eky,PROPN,20
make,X,20
klau,X,20
pendaftara,NOUN,20
bsa,VERB,20
wajib,AUX,20
minat,NOUN,20
kondisi,NOUN,20
rasta,NOUN,20
yosef,NOUN,20
payah,ADJ,20
jga,VERB,20
time,PROPN,20
atm,NOUN,20
wow,PROPN,20
nominal,NOUN,20
serta,CCONJ,20
apply,X,20
php,NOUN,20
tlpn,NOUN,20
serba,NOUN,20
unik,ADJ,20
ah,PART,20
smga,NOUN,20
cmn,NOUN,20
riski,NOUN,20
apps,NOUN,19
apl,NOUN,19
unistal,NOUN,19
satu,NUM,19
dunia,NOUN,19
kriteria,NOUN,19
telaten,ADJ,19
arief,PROPN,19
sangan,ADV,19
recomend,NOUN,19
via,X,19
risma,NOUN,19
ngambil,VERB,19
pke,X,19
ngajukan,VERB,19
nyampe,VERB,19
pk,NOUN,19
dh,X,19
widi,PROPN,19
trimkasih,NOUN,19
sebar,VERB,19
golong,NOUN,19
segi,NOUN,19
edukatif,ADJ,19
egy,PROPN,19
ccnya,NOUN,19
kredivo,NOUN,19
gada,NOUN,19
doang,NOUN,19
castamer,NOUN,19
ganteng,ADJ,19
bangun,VERB,19
apk,X,19
balas,VERB,18
tau,VERB,18
denda,NOUN,18
apk,VERB,18
uninstal,NOUN,18
wow,X,18
smga,X,18
kalah,VERB,18
hahaha,X,18
error,NOUN,18
poto,NOUN,18
widi,NOUN,18
sngat,X,18
santai,ADJ,18
hub,NOUN,18
verif,NOUN,18
bohong,NOUN,18
cakap,ADJ,18
mnt,NOUN,18
ajuin,X,18
gampang,ADV,18
bnyk,NOUN,18
mu,PRON,18
alf,NOUN,18
situ,NOUN,18
cerna,NOUN,18
ridho,NOUN,18
eti,PROPN,18
sngat,VERB,18
awam,ADJ,18
upgrade,NOUN,18
unt,NOUN,18
kena,NOUN,18
respons,NOUN,18
klu,X,18
desy,PROPN,18
whatsapp,PROPN,18
ekonomi,NOUN,18
syukur,NOUN,18
cetak,VERB,18
detail,PROPN,18
maksud,VERB,18
thankyou,X,17
ber,VERB,17
sip,NOUN,17
sayang,ADV,17
rahasia,NOUN,17
mksih,NOUN,17
dngan,ADP,17
qr,NOUN,17
dokumen,NOUN,17
vidiocall,NOUN,17
jajan,NOUN,17
ad,NOUN,17
tambahin,VERB,17
bsa,NOUN,17
saat,SCONJ,17
maxi,X,17
direspon,VERB,17
koq,X,17
tua,ADJ,17
rey,PROPN,17
potong,NOUN,17
promonya,NOUN,17
platform,NOUN,17
kelas,NOUN,17
antisipasi,NOUN,17
liat,VERB,17
pungki,PROPN,17
rizky,PROPN,17
scam,NOUN,17
ko,X,17
awas,VERB,17
cerah,ADJ,17
fanny,NOUN,17
mampu,AUX,17
ckp,NOUN,17
service,ADJ,17
joshua,PROPN,17
dasar,ADJ,17
luar,ADP,17
daptar,NOUN,17
maka,SCONJ,17
ribet,X,17
nyoba,X,17
approved,NOUN,17
jebak,VERB,17
contoh,NOUN,17
penyampain,NOUN,17
payment,NOUN,17
pengaktivan,NOUN,16
rbu,NOUN,16
member,NOUN,16
hukum,NOUN,16
penggunaa,NOUN,16
costomer,NOUN,16
disetujuin,VERB,16
sgt,X,16
reza,NOUN,16
pay,X,16
jaya,VERB,16
resmi,ADJ,16
puluh,NUM,16
cal,NOUN,16
era,NOUN,16
nambah,NOUN,16
jos,NOUN,16
pangajuan,NOUN,16
faris,PROPN,16
poin,NOUN,16
willy,PROPN,16
libur,NOUN,16
far,PROPN,16
mz,NOUN,16
eror,NOUN,16
uninstall,X,16
henry,PROPN,16
finansial,ADJ,16
hallo,NOUN,16
urus,NOUN,16
detik,NOUN,16
deposit,NOUN,16
dengar,VERB,16
sangt,NOUN,16
sangka,VERB,16
pikir,VERB,16
way,X,16
oknum,NOUN,16
non,ADJ,16
info,PROPN,16
indomaret,NOUN,16
yudha,PROPN,16
simple,NOUN,16
kirain,NOUN,16
good,X,16
kiky,NOUN,16
kl,NOUN,16
seru,ADJ,16
biar,X,16
kyk,X,16
detai,NOUN,16
virtual,ADJ,16
ngebantu,X,16
kawan,NOUN,16
pakai,NOUN,16
td,X,16
kagak,X,16
baguss,ADJ,15
hidup,VERB,15
ttp,X,15
tambah,NOUN,15
dompet,NOUN,15
infomasi,NOUN,15
stlh,X,15
stuck,NOUN,15
ter,VERB,15
wkwk,NOUN,15
juan,NOUN,15
wkwkwk,X,15
lgi,NOUN,15
negeri,NOUN,15
bangat,X,15
log,X,15
erick,NOUN,15
eriva,NOUN,15
joss,NOUN,15
maida,NOUN,15
adm,NOUN,15
password,NOUN,15
uni,NOUN,15
mulu,X,15
sya,DET,15
doank,NOUN,15
mksih,X,15
card,NOUN,15
dona,NOUN,15
beneran,VERB,15
dika,PRON,15
egy,NOUN,15
mati,ADJ,15
recomend,X,15
shopee,NOUN,15
sigap,ADJ,15
via,ADP,15
thankyou,NOUN,15
ngebantu,VERB,15
bnyk,X,15
hambat,VERB,15
kurir,NOUN,15
kalang,NOUN,15
ngajuin,X,15
overall,ADJ,15
dal,NOUN,15
nga,X,15
kala,NOUN,15
usia,NOUN,15
utari,NOUN,15
the,X,15
sempurna,ADJ,15
kes,NOUN,15
visa,NOUN,15
klw,NOUN,15
komplain,NOUN,15
sayang,VERB,15
banking,PROPN,15
aply,X,15
gun,NOUN,15
kemudi,NOUN,15
ganti,NOUN,15
peroses,NOUN,15
score,NOUN,15
tipu,VERB,15
dateng,VERB,15
ad,X,15
ian,NOUN,15
abal,NOUN,15
ikbal,NOUN,15
account,NOUN,14
dri,PROPN,14
pending,NOUN,14
gimna,NOUN,14
kilat,NOUN,14
tlg,NOUN,14
datang,VERB,14
yudi,NOUN,14
chris,PROPN,14
abis,X,14
spam,NOUN,14
notifikasi,NOUN,14
whatsapp,NOUN,14
cso,NOUN,14
admin,X,14
for,PROPN,14
bodoh,ADJ,14
tdi,NOUN,14
wajar,ADJ,14
males,X,14
full,X,14
orng,NOUN,14
hidup,NOUN,14
besar,ADJ,14
pegawai,NOUN,14
ganggu,NOUN,14
aktifitas,NOUN,14
penjelasn,NOUN,14
dukung,VERB,14
an,X,14
mastercard,NOUN,14
nik,NOUN,14
dri,ADP,14
banking,NOUN,14
gede,VERB,14
yaaa,X,14
jenis,NOUN,14
tetep,VERB,14
hina,NOUN,14
luarbiasa,ADJ,14
baik,ADP,14
logo,NOUN,14
lsg,NOUN,14
tari,NOUN,14
apa,ADV,14
playanan,NOUN,14
hri,NOUN,14
tulis,VERB,14
adakan,VERB,14
it,X,14
suruh,ADV,14
september,NOUN,14
layar,NOUN,14
sama,ADJ,14
paksa,VERB,14
joshua,NOUN,14
utang,NOUN,14
kacau,ADJ,14
aplikasih,NOUN,14
perangkat,NOUN,14
dalam,ADP,14
efisien,ADJ,14
mantaf,X,14
pungky,NOUN,14
dikit,X,14
antoni,PROPN,14
mmbantu,VERB,14
va,NOUN,14
valid,ADJ,14
urgent,NOUN,14
smp,NOUN,14
syaiful,X,14
tawar,ADJ,14
verivikasi,NOUN,14
skli,NOUN,13
dea,PROPN,13
clear,X,13
blanja,NOUN,13
approval,ADJ,13
interaksi,NOUN,13
bapa,NOUN,13
approve,PROPN,13
atasnama,NOUN,13
sihh,X,13
silah,NOUN,13
cahaya,NOUN,13
mentok,NOUN,13
pengajuann,NOUN,13
costemer,NOUN,13
zaman,NOUN,13
checking,NOUN,13
tsb,NOUN,13
anju,NOUN,13
badel,NOUN,13
modal,ADJ,13
bismil,PROPN,13
barang,NOUN,13
mejelaskan,VERB,13
cashback,NOUN,13
promosi,NOUN,13
prose,NOUN,13
hones,PROPN,13
bot,NOUN,13
tiba,VERB,13
sepenuh,ADJ,13
gtu,X,13
telfon,NOUN,13
form,NOUN,13
virtual,NOUN,13
perhati,NOUN,13
perban,NOUN,13
krt,NOUN,13
drama,NOUN,13
nice,X,13
applikasi,NOUN,13
ana,NOUN,13
diza,NOUN,13
mr,NOUN,13
ampun,NOUN,13
bik,X,13
penting,ADJ,13
keluar,VERB,13
kelvin,NOUN,13
sembunyi,VERB,13
aproval,NOUN,13
so,NOUN,13
ganteng,NOUN,13
konvensional,ADJ,13
referensi,NOUN,13
cair,NOUN,13
markotop,PROPN,13
media,NOUN,13
helpfull,ADJ,13
maaf,ADJ,13
ma,NOUN,13
rim,NOUN,13
muter,NOUN,13
agent,X,13
cegah,VERB,13
sudh,X,13
lngsng,X,13
bangettt,X,13
trimksh,NOUN,13
terbit,VERB,13
emang,ADV,13
subuh,NOUN,13
josua,PROPN,13
ba,NOUN,13
play,X,13
faham,NOUN,13
buka,NOUN,13
papar,NOUN,13
tap,NOUN,13
dodi,PROPN,13
tuju,X,13
meri,NOUN,13
tanks,NOUN,13
dl,X,13
dngn,X,13
beban,NOUN,13
terobos,VERB,13
rasa,NOUN,13
simple,PROPN,13
beres,VERB,12
cpet,X,12
penasaran,ADJ,12
imut,ADJ,12
bener,PROPN,12
identitas,NOUN,12
hpus,NOUN,12
ramahh,NOUN,12
minta,VERB,12
interaktif,ADJ,12
slalu,ADV,12
slik,NOUN,12
simpan,VERB,12
mkasih,VERB,12
diaktivasi,VERB,12
ama,NOUN,12
update,VERB,12
luis,PROPN,12
rincian,NOUN,12
jimmy,PROPN,12
henry,NOUN,12
servise,NOUN,12
prima,ADJ,12
digit,NOUN,12
penjelasanny,NOUN,12
pakai,X,12
smpe,X,12
agustus,NOUN,12
ferdy,NOUN,12
ndak,X,12
febi,NOUN,12
limid,NOUN,12
sagat,NOUN,12
jwb,NOUN,12
detail,X,12
net,NOUN,12
asmi,ADJ,12
terang,NOUN,12
males,NOUN,12
mulu,ADV,12
mantaap,X,12
yosep,PROPN,12
dam,NOUN,12
keep,X,12
kelar,VERB,12
ngajuin,NOUN,12
vermuk,NOUN,12
lalu,SCONJ,12
aproved,NOUN,12
biarpun,ADV,12
telat,VERB,12
friendly,ADJ,12
hafis,NOUN,12
haha,NOUN,12
payment,PROPN,12
setia,ADJ,12
hnya,NOUN,12
rekomen,ADJ,12
ehh,X,12
cakap,VERB,12
rehan,NOUN,12
konfirmasi,VERB,12
tindak,NOUN,12
hadir,VERB,12
guys,NOUN,12
anam,PROPN,12
modern,ADJ,12
dila,PROPN,12
tutorial,NOUN,12
no,X,12
wallet,NOUN,12
way,PROPN,12
akal,ADJ,12
ajah,X,12
blum,X,12
nggk,X,12
della,NOUN,12
tolol,NOUN,12
ckup,NOUN,12
gbu,NOUN,12
ketenagakerjaan,NOUN,12
kirain,X,12
klarifikasi,NOUN,12
sbg,NOUN,12
sdah,X,12
sdri,NOUN,12
in,PROPN,12
inci,NOUN,12
approve,VERB,12
nyesel,VERB,12
spesialis,NOUN,12
mntap,VERB,12
ttp,NOUN,12
merespon,VERB,12
honets,NOUN,12
beneran,X,12
interview,NOUN,12
humble,PROPN,11
iseng,VERB,11
pemakain,NOUN,11
cpt,ADJ,11
formulir,NOUN,11
top,PROPN,11
sanggat,NOUN,11
menjelaskn,VERB,11
mks,NOUN,11
smart,PROPN,11
zia,PROPN,11
it,PROPN,11
hrus,NOUN,11
lancar,ADV,11
korban,NOUN,11
alhamduli,PROPN,11
lawak,NOUN,11
neng,X,11
tolol,ADJ,11
detai,ADJ,11
gausah,X,11
gaya,NOUN,11
pnjelasan,NOUN,11
cristopher,NOUN,11
real,ADJ,11
membntu,VERB,11
meng,VERB,11
arif,PROPN,11
nnti,X,11
sayah,NOUN,11
kol,NOUN,11
darat,NOUN,11
perhati,VERB,11
bkn,NOUN,11
sebentar,ADV,11
photo,NOUN,11
wellcom,NOUN,11
tambah,ADJ,11
tuhan,NOUN,11
jaya,PROPN,11
cuman,NOUN,11
apan,NOUN,11
apk,ADJ,11
trim,NOUN,11
tksh,NOUN,11
untuk,ADP,11
alvan,NOUN,11
spesialis,ADJ,11
gunain,VERB,11
gx,X,11
love,PROPN,11
love,X,11
lunas,NOUN,11
keridit,NOUN,11
temu,NOUN,11
uda,PROPN,11
mdh,X,11
tuntas,ADJ,11
menjelaska,VERB,11
turut,ADV,11
tx,PROPN,11
cekat,ADJ,11
product,PROPN,11
mw,NOUN,11
bijaksana,ADJ,11
wiliam,PROPN,11
unggul,ADJ,11
eric,NOUN,11
solutif,ADJ,11
sonny,PROPN,11
kamera,NOUN,11
adnan,PROPN,11
heran,VERB,11
sesal,ADJ,11
system,NOUN,11
trimksih,NOUN,11
pepet,NOUN,11
aq,PROPN,11
penguna,NOUN,11
serius,ADJ,11
wkt,NOUN,11
mubarok,PROPN,11
muchtar,PROPN,11
dikit,ADV,11
dikit,VERB,11
amiin,NOUN,11
amir,NOUN,11
mantab,VERB,11
jual,VERB,11
handle,NOUN,11
jngn,X,11
smpe,NOUN,11
tentu,VERB,11
relatif,ADV,11
edukasi,ADJ,11
cakep,ADJ,11
bawah,NOUN,11
instruksi,NOUN,11
yuk,X,11
sani,NOUN,11
sarat,ADJ,11
alam,ADJ,11
alami,ADJ,11
mngerti,VERB,11
tap,X,11
zayadi,NOUN,11
achmad,NOUN,10
mnjelaskan,VERB,10
masak,VERB,10
cart,NOUN,10
minus,NOUN,10
cpt,X,10
ad,PROPN,10
edc,NOUN,10
dila,VERB,10
aminn,NOUN,10
juli,NOUN,10
pakek,VERB,10
smpai,NOUN,10
buzzer,NOUN,10
resiko,NOUN,10
wkwkwk,NOUN,10
cb,NOUN,10
pulsa,NOUN,10
araha,NOUN,10
positif,ADJ,10
responya,NOUN,10
eli,PROPN,10
temu,VERB,10
biar,VERB,10
jesica,NOUN,10
hak,NOUN,10
tetangga,NOUN,10
sibuk,ADJ,10
jngan,X,10
yoga,NOUN,10
berkat,ADP,10
cekik,VERB,10
andriansyah,NOUN,10
turun,VERB,10
dukung,NOUN,10
papar,VERB,10
tiga,NUM,10
barusan,ADV,10
bug,NOUN,10
semenjak,ADP,10
baikk,ADJ,10
sedih,ADJ,10
welcoming,NOUN,10
risky,PROPN,10
unyu,NOUN,10
kerja,VERB,10
oktober,NOUN,10
pdhal,NOUN,10
pay,PROPN,10
honestcard,NOUN,10
fajrin,NOUN,10
fani,NOUN,10
trs,X,10
anna,NOUN,10
mode,NOUN,10
nur,NOUN,10
sblm,NOUN,10
buang,NOUN,10
ap,NOUN,10
approved,ADJ,10
trimah,NOUN,10
alwa,NOUN,10
ama,X,10
poko,X,10
lgsung,NOUN,10
clear,PROPN,10
alias,NOUN,10
nety,NOUN,10
dela,NOUN,10
lindung,NOUN,10
gita,PRON,10
memberitahukan,VERB,10
pelayananny,NOUN,10
nyari,VERB,10
neko,NOUN,10
flexible,ADJ,10
bohong,VERB,10
gapapa,X,10
verivikasi,VERB,10
sangatt,ADV,10
bolak,NOUN,10
yunus,PROPN,10
tel,NOUN,10
ngapain,X,10
humble,X,10
teruss,X,10
ngasih,X,10
cape,NOUN,10
mentok,VERB,10
very,PROPN,10
vid,PROPN,10
langkah,NOUN,10
aksesoris,NOUN,10
admin,VERB,10
sambut,VERB,10
pengaktivasian,NOUN,10
mending,VERB,10
terimasih,NOUN,10
nea,NOUN,10
trimksh,PROPN,9
taun,NOUN,9
awas,ADJ,9
rey,NOUN,9
rezeki,NOUN,9
mandiri,NOUN,9
syaiful,ADJ,9
wkwk,X,9
hanest,NOUN,9
kau,PRON,9
pagi,VERB,9
dafa,NOUN,9
markotop,NOUN,9
cakep,X,9
register,NOUN,9
rejeki,NOUN,9
dilla,PROPN,9
sisa,NOUN,9
sj,NOUN,9
interface,NOUN,9
ada,VERB,9
insyaal,NOUN,9
sikap,NOUN,9
zin,PROPN,9
irma,NOUN,9
pengajuam,NOUN,9
pengajuaan,NOUN,9
iqbal,PROPN,9
aji,PROPN,9
suku,NOUN,9
lsng,X,9
kemaren,NOUN,9
tembus,VERB,9
bi,PROPN,9
kereen,X,9
evaluasi,NOUN,9
dapat,VERB,9
meng,X,9
muter,X,9
mekanisme,NOUN,9
cust,X,9
easy,PROPN,9
curiga,VERB,9
tiktok,NOUN,9
nabung,VERB,9
lwt,NOUN,9
rawat,VERB,9
kaga,NOUN,9
erick,PROPN,9
unk,NOUN,9
juni,NOUN,9
maksih,X,9
ami,NOUN,9
uninstal,X,9
support,X,9
susah,ADJ,9
ahan,NOUN,9
cobain,X,9
penjelsan,NOUN,9
oktober,PROPN,9
hindar,NOUN,9
custumer,PROPN,9
syukur,ADJ,9
arfan,NOUN,9
jessica,NOUN,9
yng,PRON,9
cash,NOUN,9
hal,NOUN,9
jelass,ADJ,9
jahat,ADJ,9
jabar,NOUN,9
hps,NOUN,9
tunggak,VERB,9
dody,NOUN,9
ksh,X,9
mantabb,X,9
dinda,PRON,9
tida,PART,9
josss,NOUN,9
betah,VERB,9
yosef,PROPN,9
bget,X,9
mo,NOUN,9
payment,X,9
goodjob,NOUN,9
loading,NOUN,9
robot,NOUN,9
rubah,VERB,9
brp,NOUN,9
brpa,NOUN,9
sayful,PROPN,9
klik,NOUN,9
center,NOUN,9
natan,NOUN,9
tambah,ADV,9
tanda,NOUN,9
melulu,ADV,9
dri,X,9
costumer,X,9
pengajuanny,NOUN,9
walopun,X,9
dftr,NOUN,9
nea,X,9
blokir,VERB,9
bangus,ADJ,9
gelap,ADJ,9
gede,X,9
ajah,NOUN,9
dech,X,9
dek,NOUN,9
pesat,ADJ,9
knpa,NOUN,9
kluar,NOUN,9
saepul,NOUN,9
trimakasih,PROPN,9
rugi,VERB,9
penasaran,VERB,9
yoseph,PROPN,9
komplit,ADJ,9
denga,ADP,9
gajelas,NOUN,9
gambar,NOUN,9
layanin,VERB,9
clear,NOUN,9
alat,NOUN,9
kredit,PROPN,9
konyol,ADJ,9
ngeri,NOUN,9
alfamart,NOUN,9
detil,NOUN,9
wajib,ADJ,9
vita,NOUN,9
net,PROPN,9
validasi,NOUN,9
nich,X,9
netty,PROPN,9
jalur,NOUN,9
apliksi,NOUN,9
tpi,PROPN,9
sanga,NOUN,9
pkok,NOUN,9
slalu,X,9
mmberikan,VERB,9
mitra,NOUN,9
smakin,ADV,9
it,NOUN,9
id,NOUN,9
bpak,NOUN,9
desak,NOUN,9
pke,VERB,9
bonus,NOUN,9
la,X,9
iphone,NOUN,9
furi,NOUN,9
bekerjasama,VERB,9
benefit,NOUN,9
ios,NOUN,8
activasi,NOUN,8
ayo,PROPN,8
rawat,NOUN,8
tuk,X,8
anggota,NOUN,8
host,NOUN,8
penggunaaan,NOUN,8
terimkasih,X,8
menyalahgunakan,VERB,8
merry,NOUN,8
mery,PROPN,8
mesin,NOUN,8
bnyak,ADJ,8
kuasa,NOUN,8
kumpul,NOUN,8
kurang,ADJ,8
lahh,PART,8
mikir,NOUN,8
putri,ADJ,8
capai,VERB,8
rakyat,NOUN,8
css,NOUN,8
pdahal,X,8
cristoper,PROPN,8
menbantu,VERB,8
nemu,VERB,8
neng,VERB,8
teh,NOUN,8
teknologi,NOUN,8
total,NOUN,8
ngejelasin,X,8
sambung,VERB,8
sampa,NOUN,8
baek,ADJ,8
mntap,PROPN,8
yth,NOUN,8
honet,NOUN,8
jangka,NOUN,8
jangkau,VERB,8
jarang,ADV,8
salam,ADJ,8
salut,VERB,8
lebar,ADJ,8
gan,NOUN,8
gantung,VERB,8
kredibilitas,NOUN,8
voice,PROPN,8
deteksi,NOUN,8
jel,NOUN,8
jelasin,NOUN,8
cutomer,NOUN,8
tetang,NOUN,8
duluan,NOUN,8
maxsi,NOUN,8
staff,X,8
standar,ADJ,8
koment,NOUN,8
gara,NOUN,8
apply,PROPN,8
approv,NOUN,8
next,X,8
step,NOUN,8
recomen,NOUN,8
reject,NOUN,8
diupdate,VERB,8
msih,NOUN,8
proteksi,NOUN,8
castemer,NOUN,8
ari,NOUN,8
nmr,NOUN,8
lgs,NOUN,8
natha,NOUN,8
nnti,NOUN,8
nol,NOUN,8
heheh,X,8
hehehehe,X,8
tenaga,NOUN,8
tenang,ADJ,8
tengkyu,NOUN,8
tera,NOUN,8
pakek,X,8
bwt,NOUN,8
fany,PROPN,8
saeful,PROPN,8
saepul,PROPN,8
safety,NOUN,8
saing,NOUN,8
lintah,NOUN,8
bla,NOUN,8
gilir,VERB,8
mantapp,NOUN,8
mantaps,X,8
maret,NOUN,8
paket,NOUN,8
sndri,NOUN,8
bg,NOUN,8
wkwkw,NOUN,8
mud,NOUN,8
root,NOUN,8
diacc,VERB,8
diberitahukan,VERB,8
kini,NOUN,8
dateng,NOUN,8
nyah,NOUN,8
fathan,PROPN,8
ulfa,PROPN,8
amplikasi,NOUN,8
egi,PROPN,8
juara,NOUN,8
judul,NOUN,8
hana,NOUN,8
hangat,ADJ,8
apus,NOUN,8
aq,X,8
maling,NOUN,8
malu,NOUN,8
nanya,PRON,8
plus,X,8
rugi,ADJ,8
login,X,8
tlong,NOUN,8
sedia,VERB,8
welcomecall,NOUN,8
gopay,NOUN,8
manajemen,NOUN,8
thn,NOUN,8
thnks,PROPN,8
emng,X,8
tatacara,NOUN,8
tawar,NOUN,8
busuk,ADJ,8
kaum,NOUN,8
cma,NOUN,8
dahh,X,8
oprator,NOUN,8
otak,NOUN,8
bagusss,PROPN,8
lot,NOUN,8
luas,ADJ,8
luas,NOUN,8
lumayan,ADJ,8
super,NOUN,8
ajak,VERB,8
ato,NOUN,8
suru,NOUN,8
maksi,NOUN,8
kecil,ADJ,8
barusan,X,8
nyuri,VERB,8
okey,X,8
excellent,PROPN,8
estimasi,NOUN,8
posting,NOUN,8
pradana,PROPN,8
sekian,NUM,8
baru,ADV,8
keluh,NOUN,8
kemarin,NOUN,8
had,ADJ,8
upload,NOUN,8
yudha,NOUN,8
ig,NOUN,8
iming,NOUN,8
istimewa,ADJ,8
itu,DET,8
iyan,NOUN,8
do,X,8
tdak,PART,8
berani,ADJ,8
pelit,ADJ,8
abal,ADJ,8
insyaal,ADJ,8
miskin,ADJ,8
dn,PROPN,8
dng,NOUN,8
adain,VERB,7
cartu,NOUN,7
instan,NOUN,7
credit,X,7
beranda,NOUN,7
ina,NOUN,7
ngasih,NOUN,7
dengn,ADP,7
dody,PROPN,7
donk,X,7
izmi,NOUN,7
istri,NOUN,7
id,PROPN,7
simulasi,NOUN,7
simple,X,7
bener,ADV,7
acc,VERB,7
keman,NOUN,7
selang,ADV,7
sekian,DET,7
penyampaia,NOUN,7
support,PROPN,7
diacc,PROPN,7
dihonest,NOUN,7
supermarket,NOUN,7
face,PROPN,7
tinjau,VERB,7
april,PROPN,7
sejahtera,ADJ,7
sodara,NOUN,7
buk,NOUN,7
ridu,NOUN,7
rido,NOUN,7
tk,NOUN,7
tempat,NOUN,7
atha,PROPN,7
sosmed,NOUN,7
sosial,NOUN,7
kerahasian,NOUN,7
kepercayaa,NOUN,7
bangat,VERB,7
bumn,NOUN,7
willy,NOUN,7
wib,NOUN,7
otw,NOUN,7
otomatis,NOUN,7
hafiz,PROPN,7
kasir,NOUN,7
tatap,NOUN,7
trimakasih,X,7
embel,NOUN,7
halo,NOUN,7
hai,PART,7
kaget,NOUN,7
senin,NOUN,7
pungky,PROPN,7
puji,NOUN,7
publik,NOUN,7
ulang,VERB,7
mantaaap,X,7
ekspektasi,NOUN,7
khawatir,ADJ,7
well,X,7
welcom,PROPN,7
ajh,NOUN,7
barcode,NOUN,7
tlng,NOUN,7
am,NOUN,7
cerita,NOUN,7
reza,PROPN,7
biar,PROPN,7
handal,ADJ,7
amazing,PROPN,7
undang,NOUN,7
nyaa,DET,7
dc,NOUN,7
daya,NOUN,7
now,X,7
god,PROPN,7
kirim,X,7
fani,PROPN,7
fajrin,PROPN,7
listrik,NOUN,7
mudh,NOUN,7
mudahh,ADJ,7
harus,AUX,7
hapus,X,7
work,X,7
with,PROPN,7
bg,PROPN,7
palayanan,NOUN,7
knapa,NOUN,7
kn,X,7
screenshot,NOUN,7
br,NOUN,7
bpjstk,NOUN,7
sahabat,ADJ,7
fast,NOUN,7
fariz,NOUN,7
responsip,ADJ,7
rekomended,NOUN,7
hati,VERB,7
henti,NOUN,7
jlas,NOUN,7
yohanes,NOUN,7
yansyah,NOUN,7
yahh,X,7
ajun,NOUN,7
welcom,NOUN,7
walcome,NOUN,7
developer,NOUN,7
nathan,NOUN,7
point,NOUN,7
pngjuan,NOUN,7
lho,X,7
lgsung,X,7
lgs,X,7
pic,PROPN,7
yaaa,PART,7
csny,NOUN,7
ardiansyah,NOUN,7
prosenya,NOUN,7
dilayanin,VERB,7
mubarak,NOUN,7
ana,PROPN,7
anda,PRON,7
mega,NOUN,7
stelah,ADP,7
dessy,NOUN,7
applay,NOUN,7
gatau,X,7
koneksi,NOUN,7
sprti,NOUN,7
gerak,NOUN,7
ak,NOUN,7
mdhan,NOUN,7
mbanking,NOUN,7
maximal,ADJ,7
ud,NOUN,7
tes,NOUN,7
hidup,ADJ,7
sifat,NOUN,7
setujuin,VERB,7
bgd,X,7
history,NOUN,7
lansung,NOUN,7
vcal,NOUN,7
langgan,VERB,7
kren,NOUN,7
konsisten,ADJ,7
lembut,ADJ,7
stujui,VERB,7
stiap,NOUN,7
jangkau,NOUN,7
honest,X,7
pendaptaran,NOUN,7
pendaftran,NOUN,7
angsur,NOUN,7
ttep,X,7
trnyata,X,7
trmksih,NOUN,7
ubah,NOUN,7
bobol,VERB,7
sangaat,ADV,7
sanagat,NOUN,7
ngejelasin,NOUN,7
plafon,NOUN,7
gamau,X,7
nemu,X,7
nelpon,NOUN,7
mengaktifasi,VERB,7
memberika,VERB,7
membantuu,VERB,7
tambah,X,7
simpan,NOUN,7
bbrp,NOUN,7
rahasia,ADJ,7
midah,NOUN,7
sambung,NOUN,7
lahir,VERB,7
foto,PROPN,7
gaada,X,7
kta,NOUN,7
kt,NOUN,7
sat,VERB,7
bnyak,ADV,7
for,X,7
for,ADP,7
very,X,7
honst,NOUN,7
angka,NOUN,7
rapi,ADJ,7
tap,VERB,7
ba,X,7
sisi,NOUN,7
zi,NOUN,7
pelan,ADJ,6
credits,PROPN,6
peng,NOUN,6
zonk,NOUN,6
aa,PROPN,6
ade,PROPN,6
swap,NOUN,6
ta,NOUN,6
louise,PROPN,6
ijin,NOUN,6
iki,NOUN,6
adriansyah,PROPN,6
costamer,NOUN,6
baget,NOUN,6
tagih,X,6
lngsung,VERB,6
fan,NOUN,6
azmy,NOUN,6
febi,PROPN,6
lewat,ADP,6
tdi,VERB,6
logout,NOUN,6
banding,VERB,6
supel,ADJ,6
super,PROPN,6
baguss,X,6
bahagia,ADJ,6
customer,ADJ,6
penjalasan,NOUN,6
luis,X,6
ferdi,NOUN,6
ferivikasi,NOUN,6
eti,NOUN,6
maikel,NOUN,6
bangking,NOUN,6
larut,VERB,6
layan,ADV,6
teller,NOUN,6
sorry,NOUN,6
maksi,ADJ,6
maksih,NOUN,6
ats,PROPN,6
ah,NOUN,6
overall,NOUN,6
da,PROPN,6
pasu,NOUN,6
pergi,VERB,6
pas,ADV,6
financial,PROPN,6
main,NOUN,6
flexibel,ADJ,6
tengkyu,PROPN,6
asyik,ADJ,6
ter,PART,6
maksimum,ADJ,6
laku,VERB,6
slow,NOUN,6
smooth,X,6
ekky,NOUN,6
elis,NOUN,6
agentnya,NOUN,6
izin,NOUN,6
ja,NOUN,6
overall,X,6
pertma,NOUN,6
mantaaapp,NOUN,6
smua,PROPN,6
terbaikkk,X,6
lang,X,6
belah,NOUN,6
beli,NOUN,6
belibet,VERB,6
slh,NOUN,6
well,PROPN,6
aj,X,6
hornest,PROPN,6
jalin,VERB,6
cheking,NOUN,6
op,NOUN,6
lai,NOUN,6
manual,NOUN,6
edit,NOUN,6
terpecaya,ADJ,6
free,PROPN,6
full,PROPN,6
situasi,NOUN,6
siang,VERB,6
mata,NOUN,6
sich,X,6
nyesel,NOUN,6
akal,NOUN,6
ajaa,X,6
honesttt,NOUN,6
hormat,ADJ,6
cermat,ADJ,6
on,X,6
online,X,6
dalem,NOUN,6
okee,NOUN,6
welcoming,X,6
berkas,NOUN,6
bertanggungjawab,VERB,6
berterimakasih,VERB,6
mario,NOUN,6
medsos,NOUN,6
servis,VERB,6
mdh,NOUN,6
galbay,NOUN,6
kridet,NOUN,6
warna,NOUN,6
okt,NOUN,6
poko,PROPN,6
centre,NOUN,6
thks,NOUN,6
sesal,VERB,6
seta,NOUN,6
semogaa,NOUN,6
semogah,ADJ,6
duga,VERB,6
ara,NOUN,6
vira,NOUN,6
prima,NOUN,6
prioritas,NOUN,6
jayadi,VERB,6
nyh,NOUN,6
nyolong,VERB,6
wakil,NOUN,6
gag,X,6
gagal,ADJ,6
thnks,NOUN,6
mdhn,NOUN,6
big,PROPN,6
thxs,PROPN,6
konsep,NOUN,6
jiwa,NOUN,6
alfa,NOUN,6
de,PROPN,6
ponsel,NOUN,6
cek,X,6
nyala,NOUN,6
nyampe,NOUN,6
nyata,NOUN,6
kontak,NOUN,6
konten,NOUN,6
kontrol,NOUN,6
timbang,VERB,6
gin,VERB,6
kn,NOUN,6
gen,NOUN,6
gercep,PROPN,6
mikel,NOUN,6
donlod,NOUN,6
verfikasi,NOUN,6
verikasi,NOUN,6
jm,NOUN,6
hendri,PROPN,6
nur,PROPN,6
jgan,NOUN,6
apri,PROPN,6
segan,ADJ,6
sekli,NOUN,6
gila,VERB,6
min,VERB,6
minjam,VERB,6
sdra,NOUN,6
blanja,X,6
approval,PROPN,6
mmbntu,NOUN,6
mmbntu,VERB,6
sayful,ADJ,6
bner,NOUN,6
scr,NOUN,6
minjem,X,6
deg,NOUN,6
rada,X,6
vcnya,NOUN,6
prtama,NOUN,6
npwp,NOUN,6
tlg,X,6
tntang,NOUN,6
gita,PROPN,6
tokopedia,NOUN,6
apkikasi,NOUN,6
sangar,ADJ,6
sanggat,ADV,6
tpi,X,6
nipu,VERB,6
niza,PROPN,6
nonton,NOUN,6
capek,X,6
nm,NOUN,6
nma,NOUN,6
antusias,ADJ,6
bnyak,NOUN,6
mudh,ADJ,6
san,X,6
trimaksh,NOUN,6
trimaksi,NOUN,6
jugaa,ADV,6
han,NOUN,6
untung,NOUN,6
up,NOUN,6
jobs,PROPN,6
rahma,NOUN,6
nie,PROPN,6
nihh,X,6
nikmat,NOUN,6
kertu,NOUN,6
boleh,AUX,6
sangant,NOUN,6
ditail,VERB,6
sales,NOUN,6
salut,NOUN,6
dika,VERB,6
dikit,NOUN,6
ratus,NUM,6
dekat,ADJ,6
dengam,ADP,6
helpful,ADJ,6
allhamduli,PROPN,6
jta,NOUN,6
antony,PROPN,6
boro,NOUN,6
bp,PROPN,6
mudahn,ADJ,6
kenan,NOUN,6
br,PROPN,6
bravo,NOUN,6
trmkasih,NOUN,6
trx,NOUN,6
rubah,NOUN,6
rusak,ADJ,6
rekam,NOUN,6
byk,PROPN,6
ukur,NOUN,6
ngomong,VERB,6
ngotak,VERB,6
cancel,NOUN,6
kena,X,6
dftar,NOUN,6
guys,PROPN,6
bt,NOUN,6
buat,ADV,6
rmh,NOUN,6
tuntut,VERB,6
bung,NOUN,6
negara,NOUN,6
kantong,NOUN,6
kart,NOUN,6
ucin,NOUN,6
raya,NOUN,6
cahya,NOUN,6
rebu,NOUN,6
recomended,X,6
record,NOUN,6
redi,NOUN,6
derbi,NOUN,6
angin,NOUN,6
hadeh,X,6
byar,NOUN,6
deteksi,VERB,6
andri,NOUN,6
tutor,NOUN,6
analis,NOUN,6
anan,NOUN,6
umkm,NOUN,6
ngajuin,PROPN,6
kalimat,NOUN,6
kbutuhan,NOUN,6
kece,NOUN,6
kedit,NOUN,6
uda,NOUN,6
rencana,NOUN,6
rendy,PROPN,6
nfc,NOUN,6
andi,PROPN,6
coustomer,NOUN,6
impi,NOUN,6
tangga,NOUN,6
far,NOUN,6
fariz,PROPN,6
ayo,X,6
yusuf,NOUN,6
zahra,NOUN,6
februari,PROPN,6
taut,NOUN,6
inovatif,ADJ,6
ini,DET,6
pembayara,NOUN,6
instan,ADJ,5
pelayanana,NOUN,5
pelayananx,NOUN,5
pembuata,NOUN,5
cr,NOUN,5
pegajuan,NOUN,5
inj,NOUN,5
tang,NOUN,5
tambahin,NOUN,5
line,NOUN,5
limitny,NOUN,5
feby,PROPN,5
survei,NOUN,5
sya,PROPN,5
syg,NOUN,5
awet,ADJ,5
ikutin,VERB,5
ilang,NOUN,5
adu,NOUN,5
bagong,NOUN,5
familiar,ADJ,5
febby,PROPN,5
lengkap,NOUN,5
team,X,5
loading,X,5
lokasi,NOUN,5
eva,PROPN,5
support,ADJ,5
buset,X,5
haha,X,5
respond,PROPN,5
responsive,ADJ,5
respont,NOUN,5
detile,NOUN,5
neng,NOUN,5
katu,NOUN,5
kasik,NOUN,5
kasoh,NOUN,5
kati,NOUN,5
ampe,X,5
halaman,NOUN,5
byr,VERB,5
ca,NOUN,5
ngakak,X,5
reward,NOUN,5
ne,NOUN,5
negatif,ADJ,5
negri,NOUN,5
details,PROPN,5
ane,PROPN,5
kapok,NOUN,5
kartukredit,NOUN,5
kash,NOUN,5
uda,ADV,5
cacat,NOUN,5
refund,NOUN,5
anggap,VERB,5
kelola,NOUN,5
kelola,VERB,5
hadeh,PROPN,5
sadar,ADJ,5
saeful,X,5
ttng,NOUN,5
tu,NOUN,5
kena,ADP,5
devi,NOUN,5
budget,NOUN,5
rina,PROPN,5
nawarin,VERB,5
bsk,X,5
angkat,NOUN,5
anjay,NOUN,5
guys,X,5
gx,NOUN,5
hacker,NOUN,5
android,NOUN,5
didownload,VERB,5
my,PROPN,5
mya,PRON,5
nabung,NOUN,5
rutin,ADJ,5
desember,NOUN,5
byar,X,5
byk,NOUN,5
uinstal,NOUN,5
up,X,5
upload,X,5
ngulang,VERB,5
ngumpulin,VERB,5
rate,NOUN,5
hangus,ADJ,5
ruwet,ADJ,5
kerenn,X,5
much,NOUN,5
mudahhan,NOUN,5
kendali,NOUN,5
kerabat,NOUN,5
keredit,NOUN,5
bpjstku,NOUN,5
digital,PROPN,5
digitalisasi,NOUN,5
trms,NOUN,5
trs,PROPN,5
keren,NOUN,5
kerenn,PROPN,5
saipul,PROPN,5
roby,PROPN,5
naek,X,5
money,NOUN,5
muhktar,NOUN,5
dik,NOUN,5
dika,X,5
diksh,X,5
anthony,PROPN,5
juli,PROPN,5
kaa,NOUN,5
untung,ADV,5
dengab,ADP,5
joss,PROPN,5
happy,X,5
allhamdulil,NOUN,5
allo,NOUN,5
jua,NOUN,5
jual,NOUN,5
google,PROPN,5
sapa,NOUN,5
sandi,NOUN,5
dilunasin,VERB,5
dinaikin,VERB,5
mubarok,X,5
transparansi,NOUN,5
jugak,X,5
hamdan,NOUN,5
hamdani,PROPN,5
jngan,NOUN,5
job,X,5
hehe,NOUN,5
nice,NOUN,5
trimks,NOUN,5
bodong,NOUN,5
disiplin,NOUN,5
dita,PRON,5
aplly,NOUN,5
ramdan,NOUN,5
rana,NOUN,5
ranah,NOUN,5
alhmdulil,NOUN,5
alias,CCONJ,5
pusing,NOUN,5
putus,ADJ,5
dehh,X,5
nonaktif,ADJ,5
debes,NOUN,5
apaaan,NOUN,5
kg,NOUN,5
kgk,X,5
sat,X,5
saudari,NOUN,5
say,NOUN,5
mmg,X,5
mn,NOUN,5
mnding,X,5
dlam,ADP,5
kka,X,5
klau,NOUN,5
giur,NOUN,5
giur,VERB,5
go,NOUN,5
gokil,NOUN,5
msih,X,5
bnr,X,5
model,NOUN,5
debest,NOUN,5
ragu,NOUN,5
utari,PROPN,5
utuk,ADP,5
pt,NOUN,5
puasa,NOUN,5
november,NOUN,5
ntah,VERB,5
ntah,X,5
ntar,X,5
nti,NOUN,5
mira,NOUN,5
misi,NOUN,5
dn,ADP,5
tlh,NOUN,5
kli,NOUN,5
koleksi,NOUN,5
komitmen,NOUN,5
michel,NOUN,5
kluar,VERB,5
klw,X,5
gila,ADJ,5
gimana,NOUN,5
minat,ADJ,5
minimum,ADJ,5
bismillah,VERB,5
tinggal,X,5
tinjau,NOUN,5
approval,X,5
aplikasiny,NOUN,5
bni,PROPN,5
sdah,ADV,5
bikin,X,5
selpi,NOUN,5
mikir,VERB,5
done,PROPN,5
time,NOUN,5
alhamdulil,X,5
alhasil,ADV,5
helpfull,NOUN,5
prnh,X,5
pro,NOUN,5
product,NOUN,5
professional,ADJ,5
dar,PROPN,5
versi,NOUN,5
jim,NOUN,5
gg,NOUN,5
kota,NOUN,5
dpat,NOUN,5
dpat,VERB,5
menghimbau,VERB,5
bidang,NOUN,5
big,X,5
bijak,NOUN,5
cash,PROPN,5
catat,VERB,5
dbantu,VERB,5
nungguin,X,5
nyambung,VERB,5
nyampe,X,5
nyesel,ADJ,5
akulaku,NOUN,5
kor,NOUN,5
semangkin,ADV,5
bi,VERB,5
semu,NOUN,5
duh,NOUN,5
dukcapil,NOUN,5
aktipasi,NOUN,5
jernih,ADJ,5
vita,PROPN,5
prihal,NOUN,5
ajaib,ADJ,5
nyobain,X,5
officer,NOUN,5
pol,NOUN,5
wahh,X,5
gapake,X,5
kosong,NOUN,5
hinest,PROPN,5
hitam,ADJ,5
hny,NOUN,5
hny,X,5
hoax,NOUN,5
walapun,SCONJ,5
pling,NOUN,5
plyanan,NOUN,5
pny,NOUN,5
point,PROPN,5
cepet,ADJ,5
daptar,VERB,5
thebest,PROPN,5
sesal,NOUN,5
sesat,ADJ,5
sesimple,ADJ,5
maxim,PROPN,5
dwi,PROPN,5
easy,X,5
sgtu,NOUN,5
wawan,NOUN,5
wawas,ADJ,5
ajj,X,5
honnest,PROPN,5
dagang,VERB,5
ktp,VERB,5
th,NOUN,5
ardi,NOUN,5
bgtu,X,5
services,X,5
maz,NOUN,5
thanx,PROPN,5
terimaksh,NOUN,5
asa,NOUN,5
asih,NOUN,5
laksana,NOUN,5
mass,NOUN,5
master,NOUN,5
sii,PROPN,5
beres,ADJ,5
edan,NOUN,5
edc,PROPN,5
terimksh,NOUN,5
teror,NOUN,5
free,X,5
terusss,X,5
setor,NOUN,5
setujuin,NOUN,5
belit,NOUN,5
skg,NOUN,5
skrang,NOUN,5
mantabbb,X,5
hormat,NOUN,5
jakarta,NOUN,5
okeh,X,5
da,VERB,5
dabest,NOUN,5
dada,NOUN,5
checking,X,5
christopher,NOUN,5
operasi,NOUN,5
operasional,ADJ,5
bbrp,PROPN,5
bbrp,X,5
eli,VERB,5
or,X,5
out,NOUN,5
pke,NOUN,5
iwan,NOUN,5
perna,ADV,5
persetujua,NOUN,5
cilok,NOUN,5
cinta,NOUN,5
clear,ADJ,5
pada,ADP,5
pahamin,VERB,5
sms,NOUN,5
terap,NOUN,5
lampu,NOUN,5
mantapppp,X,5
star,PROPN,5
store,NOUN,5
fleksible,ADJ,5
terimah,NOUN,5
sngat,ADV,5
bas,NOUN,5
management,NOUN,5
manfaat,ADJ,5
mang,NOUN,5
assalamualaikum,NOUN,5
tentu,ADJ,5
sngt,PROPN,5
malas,ADJ,5
sllu,PROPN,5
batal,VERB,5
ehhh,X,5
bantuin,NOUN,5
erik,PROPN,5
sperti,NOUN,5
ismi,PROPN,5
agus,NOUN,5
wkwkwkwk,NOUN,5
over,PROPN,5
pasword,NOUN,5
patut,ADJ,5
cuan,NOUN,5
perifikasi,NOUN,5
parhan,NOUN,5
partner,NOUN,5
financial,NOUN,5
main,X,5
standby,NOUN,5
tekan,VERB,5
lelet,NOUN,5
ferifikasi,NOUN,5
fikir,NOUN,5
succes,PROPN,5
bangke,NOUN,5
maaf,X,5
macet,NOUN,5
sudh,NOUN,5
telemarketing,NOUN,5
layana,NOUN,5
lazada,NOUN,5
lbih,X,5
ata,NOUN,5
ely,PROPN,5
sorry,X,5
baharu,ADJ,5
luck,X,5
custmer,NOUN,5
worth,PROPN,5
worth,X,5
woww,X,5
yaa,PRON,5
cvv,NOUN,5
pengunaa,NOUN,5
penjelasann,NOUN,5
penjelasanx,NOUN,5
curi,NOUN,5
pdhal,X,5
pdhl,NOUN,5
commerce,NOUN,5
ija,NOUN,5
yusef,NOUN,5
yoseph,NOUN,5
adain,X,5
yuni,NOUN,5
pelan,ADV,5
abis,NOUN,5
cris,PROPN,5
pelanyanan,NOUN,5
coustemer,NOUN,5
zee,PROPN,5
zie,NOUN,5
adhi,PROPN,5
yuda,PROPN,5
input,NOUN,5
atta,NOUN,5
surat,NOUN,5
rekom,NOUN,5
kayak,NOUN,5
kayak,VERB,5
kek,NOUN,5
tunggu,ADV,5
uda,VERB,5
rendi,NOUN,5
nety,PROPN,5
desi,PROPN,5
cpat,NOUN,5
cpat,VERB,5
ady,PROPN,5
yak,X,5
insya,NOUN,5
limited,PROPN,5
zhi,PROPN,5
install,NOUN,4
adji,PROPN,4
indomart,NOUN,4
instal,X,4
yup,NOUN,4
afat,NOUN,4
pengajuhan,NOUN,4
pengajuanx,NOUN,4
cristhoper,NOUN,4
credits,NOUN,4
admint,NOUN,4
infony,NOUN,4
pe,NOUN,4
pda,NOUN,4
liat,X,4
tani,NOUN,4
tangkap,VERB,4
tambahin,X,4
badar,NOUN,4
live,PROPN,4
lipat,NOUN,4
info,X,4
zii,NOUN,4
adam,NOUN,4
tara,NOUN,4
fb,NOUN,4
favorit,ADJ,4
lha,X,4
aza,NOUN,4
tanya,VERB,4
far,X,4
cumn,NOUN,4
cok,X,4
pengaraha,NOUN,4
information,PROPN,4
indikasi,NOUN,4
imak,NOUN,4
insya,PROPN,4
instant,ADJ,4
fakta,NOUN,4
lncar,NOUN,4
baguss,PROPN,4
baguss,NOUN,4
bagimana,ADV,4
baget,X,4
lom,NOUN,4
lol,NOUN,4
close,X,4
peras,NOUN,4
ijah,NOUN,4
yaaa,ADV,4
ilegal,ADJ,4
papa,VERB,4
papa,NOUN,4
perintah,NOUN,4
periksa,VERB,4
performa,NOUN,4
perfect,PROPN,4
permanen,ADJ,4
logika,NOUN,4
td,PROPN,4
lh,NOUN,4
level,NOUN,4
tawarin,VERB,4
aws,NOUN,4
aware,NOUN,4
tama,NOUN,4
talang,NOUN,4
taju,NOUN,4
cz,NOUN,4
cvc,NOUN,4
pandua,NOUN,4
xjam,NOUN,4
ib,NOUN,4
humbel,NOUN,4
iqbal,X,4
pinggir,NOUN,4
phising,NOUN,4
lom,X,4
swasta,ADJ,4
attitude,NOUN,4
fhoto,NOUN,4
teimakasih,NOUN,4
lois,NOUN,4
logis,ADJ,4
palsu,ADJ,4
pahamin,X,4
pahamii,VERB,4
cipta,NOUN,4
over,X,4
over,NOUN,4
luis,ADJ,4
lucu,NOUN,4
fajri,NOUN,4
baharu,NOUN,4
experience,PROPN,4
fanny,X,4
pintar,ADJ,4
woi,NOUN,4
wkwkw,X,4
wktu,NOUN,4
hr,PROPN,4
hpus,VERB,4
its,PROPN,4
excellent,ADJ,4
lunasin,NOUN,4
lulus,VERB,4
banged,X,4
lbih,NOUN,4
fira,NOUN,4
atw,NOUN,4
teeimakasih,PROPN,4
teeimakasih,NOUN,4
bahas,VERB,4
wirausaha,NOUN,4
pko,NOUN,4
orgnya,PROPN,4
ora,NOUN,4
christ,PROPN,4
chatt,NOUN,4
daerah,NOUN,4
dalm,NOUN,4
dalm,ADP,4
maen,NOUN,4
maap,NOUN,4
bangeut,VERB,4
etty,NOUN,4
mah,VERB,4
mafia,NOUN,4
exp,NOUN,4
excellent,X,4
ongkir,NOUN,4
on,PROPN,4
on,ADP,4
ceria,ADJ,4
cerdas,ADJ,4
ida,PROPN,4
jadul,ADJ,4
agen,PROPN,4
store,PROPN,4
stop,NOUN,4
stelah,SCONJ,4
standart,NOUN,4
stand,NOUN,4
stak,NOUN,4
staff,PROPN,4
stabil,ADJ,4
makas,PROPN,4
bales,NOUN,4
suksess,ADJ,4
tengah,ADJ,4
tenan,NOUN,4
finansial,NOUN,4
finance,NOUN,4
template,NOUN,4
atmbplus,NOUN,4
ativasi,NOUN,4
atah,NOUN,4
suami,NOUN,4
omon,NOUN,4
om,X,4
wilayah,NOUN,4
wih,NOUN,4
jah,VERB,4
jago,NOUN,4
hosnet,NOUN,4
wifi,NOUN,4
barokah,NOUN,4
erifa,X,4
bantuanny,NOUN,4
sosialisasi,NOUN,4
maksud,NOUN,4
bangt,X,4
dang,NOUN,4
officer,X,4
cepatt,X,4
center,X,4
pny,X,4
polisi,NOUN,4
of,PROPN,4
obat,NOUN,4
nyobain,VERB,4
nyoba,PROPN,4
nyh,X,4
jebak,NOUN,4
jatoh,VERB,4
honesr,NOUN,4
nyampai,VERB,4
nyambung,ADJ,4
langgeng,ADJ,4
tengkyu,X,4
bangkrut,VERB,4
cek,NOUN,4
cd,NOUN,4
ccs,X,4
potong,VERB,4
posisi,NOUN,4
warning,NOUN,4
walupun,ADP,4
home,NOUN,4
hmmm,NOUN,4
wahhh,X,4
dasar,NOUN,4
barusan,PROPN,4
sndiri,NOUN,4
snagat,ADJ,4
sngt,X,4
bast,PROPN,4
nurul,NOUN,4
aktiv,NOUN,4
jesika,NOUN,4
aktip,NOUN,4
aktivis,NOUN,4
vidcall,X,4
prosesx,NOUN,4
terbaikk,VERB,4
smua,X,4
elli,NOUN,4
elektronik,NOUN,4
elegan,ADJ,4
mantaaap,PROPN,4
mantaaaap,PROPN,4
basa,NOUN,4
alesan,NOUN,4
alas,VERB,4
alang,VERB,4
prosesny,NOUN,4
date,NOUN,4
november,PROPN,4
nov,NOUN,4
pun,PART,4
ptoses,NOUN,4
pt,PROPN,4
nunggu,VERB,4
notif,ADJ,4
mantaappp,NOUN,4
smile,NOUN,4
be,X,4
be,PROPN,4
lag,ADJ,4
laen,X,4
as,PROPN,4
lang,ADV,4
lampau,ADJ,4
not,NOUN,4
normal,ADJ,4
cas,NOUN,4
veripikasi,NOUN,4
jng,X,4
heran,ADJ,4
alhamdulli,PROPN,4
jos,PROPN,4
joob,PROPN,4
mantap,PROPN,4
slah,NOUN,4
skip,NOUN,4
mantep,VERB,4
smpai,VERB,4
eggy,X,4
dech,NOUN,4
debug,NOUN,4
dear,PROPN,4
capek,VERB,4
cantum,NOUN,4
alih,VERB,4
sip,ADJ,4
bener,ADJ,4
format,PROPN,4
kyc,NOUN,4
kyak,X,4
kurus,ADJ,4
terimasih,VERB,4
terimaksih,X,4
rajin,VERB,4
ragu,X,4
josep,NOUN,4
callnya,X,4
callnya,PROPN,4
calling,PROPN,4
belm,X,4
beneran,NOUN,4
sihh,NOUN,4
signifikan,ADJ,4
master,PROPN,4
masa,NOUN,4
marketing,PROPN,4
market,NOUN,4
signal,NOUN,4
calling,NOUN,4
rara,NOUN,4
rapih,ADJ,4
nh,X,4
rangin,NOUN,4
rang,NOUN,4
urgensi,NOUN,4
upload,VERB,4
hardi,NOUN,4
alloh,NOUN,4
happy,NOUN,4
della,PROPN,4
berita,NOUN,4
area,NOUN,4
gaes,NOUN,4
kudu,ADV,4
ngisi,X,4
kagum,ADJ,4
hanas,NOUN,4
unistall,NOUN,4
unistal,ADJ,4
recomend,ADJ,4
recomanded,NOUN,4
mau,VERB,4
materi,NOUN,4
masyaal,NOUN,4
masya,NOUN,4
siap,VERB,4
may,NOUN,4
duper,X,4
duper,NOUN,4
bermamfaat,VERB,4
bermafaat,VERB,4
beritahukan,VERB,4
real,PROPN,4
ngisi,NOUN,4
ngirim,VERB,4
ngeri,VERB,4
ngeledek,NOUN,4
cadang,NOUN,4
rayhan,X,4
ngobrol,VERB,4
kakk,X,4
aprrove,NOUN,4
thks,PROPN,4
ktnya,NOUN,4
mbk,PROPN,4
mbantu,VERB,4
max,ADJ,4
kaka,X,4
un,NOUN,4
bye,NOUN,4
dengar,X,4
redy,NOUN,4
recoment,NOUN,4
recomended,PROPN,4
recomended,NOUN,4
rena,NOUN,4
rekomendet,ADJ,4
bet,NOUN,4
bgtu,NOUN,4
meichan,NOUN,4
mega,PROPN,4
meberikan,VERB,4
rekomend,ADJ,4
ngabisin,X,4
ngabisin,VERB,4
nga,NOUN,4
byr,X,4
unduh,NOUN,4
amel,X,4
ambar,PROPN,4
but,NOUN,4
busuk,VERB,4
bgs,ADJ,4
bgitu,NOUN,4
serah,NOUN,4
thnx,PROPN,4
gaje,NOUN,4
kreditur,NOUN,4
krdit,NOUN,4
kpda,NOUN,4
kostumer,NOUN,4
gantung,NOUN,4
mb,PROPN,4
mayda,NOUN,4
dtang,VERB,4
meida,NOUN,4
senantiasa,ADV,4
sen,NOUN,4
sempat,ADJ,4
dowload,NOUN,4
mendownload,VERB,4
dsuruh,NOUN,4
dsn,NOUN,4
bgs,X,4
bgs,NOUN,4
request,NOUN,4
deskripsi,NOUN,4
nfc,PROPN,4
rentenir,NOUN,4
ui,PROPN,4
karru,NOUN,4
neror,NOUN,4
sembarang,ADJ,4
selfy,NOUN,4
gan,X,4
koperatif,ADJ,4
tidur,VERB,4
tidk,PART,4
duh,X,4
nemuin,VERB,4
response,NOUN,4
respon,X,4
hahah,X,4
kaspro,NOUN,4
andri,PROPN,4
detal,ADJ,4
menggunaka,VERB,4
dpet,NOUN,4
dpahami,VERB,4
mgkn,X,4
dsb,NOUN,4
dpn,X,4
buru,NOUN,4
burik,NOUN,4
burhan,X,4
rey,X,4
revisi,NOUN,4
tuntun,VERB,4
kecuali,SCONJ,4
nd,NOUN,4
riba,NOUN,4
hadeuh,NOUN,4
hadap,NOUN,4
anehh,X,4
andy,PROPN,4
riski,PROPN,4
gas,NOUN,4
gapernah,X,4
kompeten,ADJ,4
aprov,NOUN,4
selfie,ADJ,4
naomi,NOUN,4
nanya,NOUN,4
nanggung,VERB,4
nambah,X,4
naman,NOUN,4
bulak,NOUN,4
bukak,VERB,4
buka,X,4
rina,NOUN,4
ridwan,NOUN,4
romero,NOUN,4
donlod,X,4
bismilah,VERB,4
bising,NOUN,4
bis,NOUN,4
titik,NOUN,4
seksama,ADJ,4
sejarah,NOUN,4
buang,X,4
bsok,NOUN,4
annas,NOUN,4
anjir,NOUN,4
ani,NOUN,4
bsk,NOUN,4
ttg,X,4
blacklist,NOUN,4
milenial,ADJ,4
kmrn,NOUN,4
bismillah,ADJ,4
double,NOUN,4
ttg,PROPN,4
ruwet,NOUN,4
naek,NOUN,4
nada,NOUN,4
mutu,VERB,4
mutu,NOUN,4
bro,X,4
ruang,NOUN,4
naikin,X,4
dgunakan,VERB,4
digunain,VERB,4
tlp,PROPN,4
dn,CCONJ,4
sblm,X,4
blok,NOUN,4
blnja,NOUN,4
approved,PROPN,4
digna,NOUN,4
brapa,NOUN,4
br,X,4
sagat,ADJ,4
kepercayan,NOUN,4
kenal,NOUN,4
muhammad,PROPN,4
salam,PROPN,4
keren,PROPN,4
kereennn,NOUN,4
kereen,NOUN,4
trutama,NOUN,4
mlh,X,4
mksi,NOUN,4
aplay,NOUN,4
gokil,ADJ,4
gita,X,4
mkasi,NOUN,4
aply,PROPN,4
tnks,NOUN,4
trmakasih,NOUN,4
trllu,NOUN,4
trlalu,NOUN,4
kerennnn,NOUN,4
kerennn,NOUN,4
anteraja,NOUN,4
anter,NOUN,4
dingin,ADJ,4
dinda,PROPN,4
dila,X,4
sani,PROPN,4
great,PROPN,4
goood,PROPN,4
track,NOUN,4
topup,X,4
aplly,PROPN,4
dipahamin,VERB,4
sayaa,PRON,4
saya,PRON,4
mmg,NOUN,4
mnta,NOUN,4
bntu,NOUN,4
bntang,NOUN,4
sanggat,ADJ,4
sanget,NOUN,4
mrk,NOUN,4
ditelp,VERB,4
dmn,NOUN,4
dm,NOUN,4
say,PROPN,4
msuk,VERB,4
sang,DET,4
sanagt,NOUN,4
sampek,NOUN,4
samgat,NOUN,4
much,X,4
boss,NOUN,4
bohong,ADJ,4
bocor,ADJ,4
bobrok,ADJ,4
ketat,ADJ,4
kesini,NOUN,4
kesel,NOUN,4
kerudung,NOUN,4
trimakasihh,NOUN,4
trbaik,ADJ,4
mobilitas,NOUN,4
mobile,PROPN,4
pea,NOUN,4
creadit,NOUN,4
cra,NOUN,4
cpet,NOUN,4
pelayanany,NOUN,4
pelayanann,NOUN,4
abai,NOUN,4
zayadi,PROPN,4
zahra,PROPN,4
yusuf,PROPN,4
acung,VERB,4
acha,NOUN,4
ayo,VERB,4
aac,PROPN,3
yunet,X,3
adhi,NOUN,3
informasih,NOUN,3
ayo,PART,3
ayu,PROPN,3
abis,VERB,3
aca,NOUN,3
zidan,NOUN,3
bad,NOUN,3
tau,X,3
liar,NOUN,3
lha,NOUN,3
ba,VERB,3
ayu,VERB,3
back,X,3
baca,NOUN,3
tank,NOUN,3
coll,NOUN,3
code,NOUN,3
information,NOUN,3
intan,NOUN,3
indo,PROPN,3
pasti,ADV,3
pasang,VERB,3
google,NOUN,3
tracking,NOUN,3
mo,X,3
sangkut,NOUN,3
sangkut,ADJ,3
mrmbantu,VERB,3
money,PROPN,3
ditail,ADJ,3
muantap,X,3
sampai,VERB,3
mudhan,NOUN,3
mudh,PROPN,3
mudahn,VERB,3
much,PROPN,3
trimksh,X,3
ketimbang,ADP,3
mksd,NOUN,3
mkasih,X,3
apl,PROPN,3
apk,PROPN,3
gmpang,X,3
tmn,PROPN,3
guide,NOUN,3
kerennn,X,3
antri,VERB,3
antony,NOUN,3
annual,NOUN,3
trims,ADJ,3
satria,X,3
bnyk,VERB,3
apalgi,X,3
apalgi,NOUN,3
ken,X,3
samapi,VERB,3
muhammad,NOUN,3
salting,X,3
salting,NOUN,3
saking,ADV,3
trz,PROPN,3
kereeen,NOUN,3
kereeeen,X,3
truss,NOUN,3
trnyata,NOUN,3
bosen,X,3
bosan,ADJ,3
boong,X,3
mksih,VERB,3
mksih,PROPN,3
dn,VERB,3
miss,NOUN,3
minum,NOUN,3
scan,X,3
sc,NOUN,3
sbgai,NOUN,3
sayful,X,3
bner,VERB,3
approvel,NOUN,3
tinggl,NOUN,3
digital,NOUN,3
mukthar,NOUN,3
branding,NOUN,3
saifull,NOUN,3
safety,PROPN,3
kendala,ADJ,3
tinggal,NOUN,3
blanja,VERB,3
bla,VERB,3
bismillah,PROPN,3
sdah,PART,3
minjem,NOUN,3
min,X,3
doank,X,3
klik,X,3
applynya,NOUN,3
dngn,NOUN,3
my,X,3
nagih,VERB,3
naek,VERB,3
trmksh,X,3
dija,PRON,3
secure,NOUN,3
sebab,NOUN,3
bln,VERB,3
gercep,ADJ,3
knpa,X,3
knowledge,PROPN,3
sekala,ADV,3
andriansyah,PROPN,3
gunaka,VERB,3
kemaren,ADV,3
anna,PROPN,3
anjeng,NOUN,3
angsur,ADJ,3
risky,NOUN,3
ken,VERB,3
tu,PROPN,3
ting,NOUN,3
gg,X,3
gg,PROPN,3
gercep,VERB,3
april,NOUN,3
appstore,NOUN,3
apprv,NOUN,3
selagi,ADP,3
merry,X,3
natha,PROPN,3
riko,NOUN,3
nda,NOUN,3
roby,NOUN,3
buanget,X,3
donload,NOUN,3
doni,PROPN,3
kecuali,ADP,3
kece,ADJ,3
ribu,NUM,3
ribett,VERB,3
ribet,NOUN,3
ribed,ADJ,3
reyhan,PROPN,3
hahaha,NOUN,3
haduh,X,3
hadeh,NOUN,3
hadap,VERB,3
ane,NOUN,3
ringgo,NOUN,3
nawarin,NOUN,3
seh,X,3
bismillah,NOUN,3
detaill,NOUN,3
buru,X,3
merchant,PROPN,3
dpat,ADJ,3
downlod,NOUN,3
download,PROPN,3
michele,PROPN,3
michel,PROPN,3
micheal,NOUN,3
mgkn,NOUN,3
mgkin,NOUN,3
bgus,X,3
reyhan,ADJ,3
andai,ADV,3
tuntut,NOUN,3
tunjuk,NOUN,3
bilamana,SCONJ,3
timbang,NOUN,3
ganteng,VERB,3
gatau,VERB,3
ti,PROPN,3
thq,PROPN,3
bicara,NOUN,3
dpet,X,3
duga,NOUN,3
nemuin,X,3
response,PROPN,3
respond,NOUN,3
hahah,NOUN,3
tx,NOUN,3
turunin,VERB,3
andika,PROPN,3
ardan,NOUN,3
mba,NOUN,3
dtolak,NOUN,3
senang,VERB,3
semogah,NOUN,3
dowload,VERB,3
bgs,VERB,3
respect,ADJ,3
repot,VERB,3
dessy,PROPN,3
ud,PROPN,3
ancam,NOUN,3
karena,SCONJ,3
kamis,NOUN,3
netti,NOUN,3
nerangin,VERB,3
seru,NOUN,3
mei,PROPN,3
mei,NOUN,3
mebantu,VERB,3
bgtt,X,3
duli,NOUN,3
sevice,NOUN,3
bget,NOUN,3
ngaku,X,3
ngak,PART,3
caca,NOUN,3
unduh,VERB,3
amel,PROPN,3
busuk,NOUN,3
bgmn,NOUN,3
kosong,ADJ,3
thebest,NOUN,3
thanx,X,3
ksh,PROPN,3
krna,X,3
krena,NOUN,3
test,NOUN,3
maxie,PROPN,3
ulfa,X,3
rekom,ADJ,3
nge,NOUN,3
reject,X,3
regist,NOUN,3
rem,NOUN,3
mayan,NOUN,3
bestt,NOUN,3
best,NOUN,3
recomend,PROPN,3
siap,ADJ,3
siaga,NOUN,3
sia,NOUN,3
shopee,X,3
sh,X,3
reccomended,ADJ,3
ngerasa,VERB,3
real,NOUN,3
ready,ADJ,3
den,PROPN,3
amanda,PROPN,3
halo,X,3
aq,PRON,3
aq,NOUN,3
thks,X,3
ktp,ADJ,3
tggu,X,3
tgg,X,3
tf,PROPN,3
tetimakasih,NOUN,3
eeh,X,3
eeeh,X,3
mantulll,NOUN,3
alternatif,NOUN,3
alternatif,ADJ,3
untuk,SCONJ,3
untuj,NOUN,3
untk,SCONJ,3
hans,NOUN,3
hanest,PROPN,3
untk,NOUN,3
hatur,NOUN,3
silah,VERB,3
silah,ADV,3
sii,NOUN,3
besok,ADV,3
mantaps,PROPN,3
mantappppp,NOUN,3
sis,NOUN,3
niat,VERB,3
ama,VERB,3
della,X,3
ngk,NOUN,3
arfan,PROPN,3
thaks,X,3
kudu,X,3
gaes,X,3
belnja,NOUN,3
full,NOUN,3
free,NOUN,3
termikasih,NOUN,3
termakasih,X,3
terimaksih,PROPN,3
terimaksi,VERB,3
use,PROPN,3
us,PROPN,3
urgent,ADJ,3
ramahh,VERB,3
niza,NOUN,3
nikmat,ADJ,3
rama,ADJ,3
vdeo,NOUN,3
he,PROPN,3
bego,NOUN,3
skarang,X,3
mantull,PROPN,3
manteb,NOUN,3
egi,VERB,3
vcall,PROPN,3
uya,PROPN,3
rada,NOUN,3
quick,PROPN,3
qta,NOUN,3
card,X,3
cape,X,3
cape,PROPN,3
allah,NOUN,3
all,X,3
sipp,NOUN,3
lalau,ADP,3
aru,PROPN,3
arti,VERB,3
terikasih,VERB,3
nnya,NOUN,3
care,ADJ,3
verry,PROPN,3
helpful,PROPN,3
alhamdulli,NOUN,3
alhamduli,VERB,3
join,X,3
bca,PROPN,3
mantabs,X,3
mantabbb,NOUN,3
slesai,NOUN,3
slalu,PROPN,3
alang,NOUN,3
alhamduli,ADV,3
pusing,ADJ,3
pusat,NOUN,3
nuhun,VERB,3
now,PROPN,3
novie,PROPN,3
novie,NOUN,3
pungki,X,3
dc,PROPN,3
dbntu,NOUN,3
qr,PROPN,3
not,X,3
mantaapp,NOUN,3
smaa,NOUN,3
lalau,NOUN,3
cba,X,3
eky,X,3
mantaaap,NOUN,3
bayar,X,3
bayang,NOUN,3
batal,NOUN,3
smpai,X,3
mang,PROPN,3
manatap,NOUN,3
vicall,X,3
jimy,PROPN,3
jimmy,NOUN,3
jgn,PROPN,3
jet,NOUN,3
jessica,PROPN,3
aldi,NOUN,3
barusan,VERB,3
barusan,PART,3
terimakasihh,NOUN,3
terimakash,VERB,3
terimakash,PROPN,3
terimakaih,VERB,3
fix,PROPN,3
sok,NOUN,3
product,X,3
jelas,VERB,3
hinest,NOUN,3
hihi,X,3
viki,NOUN,3
alam,PROPN,3
aktivitas,PROPN,3
nunggak,VERB,3
lanjur,NOUN,3
langsng,X,3
langsng,NOUN,3
asmi,VERB,3
asik,NOUN,3
tengah,NOUN,3
spesialist,X,3
sperti,ADP,3
walupun,SCONJ,3
vitri,PROPN,3
poll,NOUN,3
dar,ADP,3
nutup,VERB,3
mamo,PROPN,3
mambantu,VERB,3
malik,NOUN,3
pnya,VERB,3
pnya,NOUN,3
pnya,DET,3
pokokny,X,3
officer,PROPN,3
nyuri,NOUN,3
nyicil,VERB,3
ajak,X,3
jan,NOUN,3
honeat,NOUN,3
nyekek,X,3
basi,NOUN,3
basi,ADJ,3
tera,VERB,3
at,PROPN,3
at,NOUN,3
ofline,NOUN,3
enjoy,X,3
enjoy,NOUN,3
speaking,NOUN,3
sorry,PROPN,3
emang,NOUN,3
email,PROPN,3
ely,NOUN,3
elly,NOUN,3
bantu,ADV,3
banking,X,3
daptar,PROPN,3
dang,ADV,3
centre,X,3
cell,PROPN,3
pokoke,X,3
makan,NOUN,3
sukse,NOUN,3
finally,PROPN,3
larang,VERB,3
larang,NOUN,3
laporin,X,3
laporin,NOUN,3
suda,ADV,3
sucses,NOUN,3
okey,NOUN,3
okeh,PROPN,3
jalan,VERB,3
jaga,X,3
ajar,ADJ,3
akn,NOUN,3
ajuin,NOUN,3
suda,VERB,3
suda,NOUN,3
maida,PROPN,3
ety,NOUN,3
excellent,NOUN,3
daftr,PROPN,3
oops,NOUN,3
ica,PROPN,3
izmi,PROPN,3
ivan,NOUN,3
plus,ADJ,3
playstore,NOUN,3
omong,NOUN,3
stelah,NOUN,3
maki,VERB,3
makasihh,NOUN,3
bandal,ADJ,3
temen,VERB,3
layanin,NOUN,3
fix,NOUN,3
auto,PROPN,3
atur,X,3
cept,PROPN,3
cepett,VERB,3
pkonya,NOUN,3
opr,NOUN,3
pkai,VERB,3
pinter,ADJ,3
okeh,NOUN,3
sukse,ADJ,3
bangetttt,X,3
banget,PROPN,3
bagusss,X,3
suport,ADJ,3
lupa,X,3
lunasin,VERB,3
fachri,PROPN,3
faham,VERB,3
louise,NOUN,3
out,X,3
work,PROPN,3
wkwk,PROPN,3
wktu,PROPN,3
hr,VERB,3
its,X,3
aga,NOUN,3
after,X,3
wita,NOUN,3
lekas,NOUN,3
telat,NOUN,3
lois,PROPN,3
pertma,PROPN,3
pake,PROPN,3
daftar,ADJ,3
dafa,PROPN,3
pertamakali,NOUN,3
ckup,VERB,3
pertamakali,ADV,3
pertamakali,ADP,3
perna,NOUN,3
dab,ADJ,3
luck,PROPN,3
fair,ADJ,3
fahry,PROPN,3
lgsng,X,3
file,PROPN,3
tawar,PROPN,3
custumer,X,3
woy,NOUN,3
humble,ADJ,3
is,X,3
irsyad,PROPN,3
iring,NOUN,3
its,NOUN,3
louis,NOUN,3
lope,NOUN,3
syg,X,3
suskses,NOUN,3
atu,NOUN,3
ferdi,PROPN,3
yaaa,INTJ,3
yaa,PROPN,3
wow,ADJ,3
wort,PROPN,3
customers,NOUN,3
pantau,VERB,3
perfect,NOUN,3
coba,NOUN,3
co,NOUN,3
csny,PROPN,3
paten,NOUN,3
permanen,NOUN,3
panggil,X,3
loe,X,3
tdak,NOUN,3
tbtb,NOUN,3
cman,NOUN,3
fajri,PROPN,3
lngsung,NOUN,3
lngsung,ADV,3
bagua,NOUN,3
bagu,VERB,3
linda,NOUN,3
limmit,NOUN,3
limitt,NOUN,3
pepet,VERB,3
copy,NOUN,3
advan,NOUN,3
aduh,X,3
aduh,NOUN,3
ikutin,X,3
yah,ADV,3
yusef,PROPN,3
yuni,PROPN,3
instal,NOUN,3
coustamer,NOUN,3
penasaran,NOUN,3
cristopher,PROPN,3
adain,NOUN,3
yoseph,X,3
yosef,ADJ,3
come,X,3
lilit,NOUN,3
like,NOUN,3
fee,PROPN,3
tampa,ADP,3
baek,NOUN,3
badel,PROPN,3
kesel,X,3
trimkasih,PROPN,3
trimaksh,PROPN,3
sangant,ADV,3
sangant,ADJ,3
dio,PROPN,3
informative,ADJ,3
pegang,NOUN,3
creditcard,NOUN,3
cpt,VERB,3
aamiin,X,3
ines,PROPN,3
yonet,PROPN,3
yh,X,3
yh,NOUN,3
zain,NOUN,3
account,X,2
acha,PROPN,2
achmad,PROPN,2
zonk,PROPN,2
zy,NOUN,2
pelan,NOUN,2
costomer,PROPN,2
pengin,X,2
adit,NOUN,2
imut,NOUN,2
ina,PROPN,2
indo,NOUN,2
adnan,X,2
adu,VERB,2
affan,PROPN,2
yes,NOUN,2
yes,PROPN,2
pda,X,2
pdhl,PROPN,2
creditcard,X,2
wkwkwkwk,X,2
wow,NOUN,2
ilang,X,2
ilegal,NOUN,2
iqbal,ADJ,2
iring,VERB,2
ian,PROPN,2
ica,NOUN,2
wita,PROPN,2
with,X,2
ida,NOUN,2
isyana,PROPN,2
ai,NOUN,2
aj,PROPN,2
home,X,2
homest,NOUN,2
homest,X,2
william,X,2
close,NOUN,2
pasang,NOUN,2
password,PROPN,2
patut,ADV,2
cocok,VERB,2
welcom,X,2
well,NOUN,2
wellcoming,NOUN,2
wellcoming,X,2
whatsap,NOUN,2
widi,X,2
ahh,INTJ,2
akibat,NOUN,2
perlu,VERB,2
curiga,NOUN,2
cust,PROPN,2
customers,X,2
akibat,SCONJ,2
jayadi,X,2
ajar,VERB,2
hihi,PROPN,2
walu,ADV,2
walupun,ADV,2
warning,PROPN,2
waw,PROPN,2
wawas,NOUN,2
we,PROPN,2
we,X,2
aji,X,2
cuy,X,2
cz,PROPN,2
ckp,PROPN,2
overall,PROPN,2
pakai,PROPN,2
pakek,NOUN,2
palsu,NOUN,2
vitri,NOUN,2
jela,ADJ,2
hmmm,X,2
aktip,ADJ,2
hihihi,NOUN,2
hihihi,X,2
jesica,PROPN,2
aktiv,ADJ,2
via,VERB,2
pilih,X,2
pingin,VERB,2
dab,VERB,2
vidcall,PROPN,2
al,NOUN,2
videocall,PROPN,2
vidio,X,2
vidiocall,PROPN,2
vina,NOUN,2
vira,PROPN,2
jgan,X,2
jgn,VERB,2
jim,PROPN,2
alfa,PROPN,2
chat,X,2
orgnya,NOUN,2
jng,NOUN,2
helpfull,X,2
hi,INTJ,2
verivikasi,ADJ,2
valid,NOUN,2
vcall,X,2
hatur,ADJ,2
hebat,NOUN,2
verif,ADJ,2
alhmdulil,PROPN,2
alias,ADV,2
alih,NOUN,2
joseph,NOUN,2
joseph,PROPN,2
joss,X,2
josss,PROPN,2
jossss,X,2
pkok,X,2
cepett,NOUN,2
cept,ADJ,2
online,NOUN,2
daftar,VERB,2
daftr,NOUN,2
urgent,PROPN,2
usa,NOUN,2
usa,VERB,2
untk,X,2
always,X,2
harap,ADJ,2
harap,X,2
olh,ADP,2
olh,NOUN,2
cetak,NOUN,2
playstore,PROPN,2
pnya,PRON,2
poko,VERB,2
pokok,PROPN,2
otp,PROPN,2
amanah,PROPN,2
amanda,VERB,2
unistall,X,2
handle,PROPN,2
juni,PROPN,2
juta,NUM,2
amir,PROPN,2
ampe,NOUN,2
ampe,PROPN,2
halang,NOUN,2
halang,VERB,2
hamble,NOUN,2
cepet,ADV,2
cepet,PROPN,2
damping,NOUN,2
damping,VERB,2
nyicil,NOUN,2
okey,PROPN,2
kartu,PROPN,2
anang,PROPN,2
ui,ADV,2
ui,NOUN,2
ulas,X,2
un,X,2
amin,PROPN,2
aminnn,X,2
cegah,NOUN,2
cekik,NOUN,2
cell,NOUN,2
anang,NOUN,2
kasih,VERB,2
hafidz,NOUN,2
hafiz,X,2
hah,PART,2
haha,PROPN,2
kapok,VERB,2
kejar,NOUN,2
kejar,VERB,2
tunjuk,X,2
andika,NOUN,2
andika,X,2
turunin,NOUN,2
tutup,X,2
ucap,NOUN,2
ampun,VERB,2
nutup,X,2
android,PROPN,2
ane,X,2
aneh,VERB,2
hadehh,NOUN,2
hadehh,X,2
kece,X,2
keep,PROPN,2
anjur,NOUN,2
anjur,VERB,2
tuh,NOUN,2
gx,PROPN,2
habis,ADV,2
habis,NOUN,2
ccnya,X,2
nunggu,X,2
dbantu,NOUN,2
prnh,NOUN,2
ttp,VERB,2
ken,DET,2
kepake,VERB,2
kepake,X,2
tu,VERB,2
tu,X,2
kereen,PROPN,2
kereenn,NOUN,2
kereenn,PROPN,2
keren,X,2
trutama,X,2
annual,X,2
prtama,VERB,2
prtma,NOUN,2
prtma,PROPN,2
puas,X,2
ntar,VERB,2
nuhun,NOUN,2
nuhun,PROPN,2
anthony,NOUN,2
grogi,NOUN,2
gtu,NOUN,2
gtu,PROPN,2
trim,X,2
trimkasih,VERB,2
gunain,NOUN,2
ketemu,NOUN,2
ketik,NOUN,2
ketik,VERB,2
cari,NOUN,2
nnti,PROPN,2
nominal,ADJ,2
nungguin,VERB,2
ap,PROPN,2
apalgi,ADV,2
goodjob,PROPN,2
goodluck,NOUN,2
gmpang,NOUN,2
tober,X,2
tolak,X,2
aplly,X,2
topup,VERB,2
total,ADJ,2
total,ADV,2
applikasi,PROPN,2
qr,X,2
qris,ADJ,2
qris,PROPN,2
qris,X,2
canter,PROPN,2
capek,ADJ,2
nnt,PROPN,2
debit,PROPN,2
gokil,PROPN,2
kmaren,NOUN,2
gimana,PART,2
kirain,VERB,2
dech,PROPN,2
rahma,PROPN,2
nie,X,2
nihh,NOUN,2
nipu,NOUN,2
nipu,X,2
tlah,PROPN,2
tlg,VERB,2
tlng,X,2
tmn,NOUN,2
tnpa,X,2
aply,NOUN,2
time,X,2
gercep,X,2
gi,NOUN,2
gi,VERB,2
ramahh,ADJ,2
ramahh,X,2
ramahhh,X,2
ngumpulin,X,2
tidur,NOUN,2
tija,NOUN,2
gausah,NOUN,2
gede,PROPN,2
kontak,VERB,2
kris,PROPN,2
krna,ADV,2
aprove,X,2
aprovenya,NOUN,2
ganteng,X,2
gajelas,PROPN,2
thnx,NOUN,2
kumpul,VERB,2
calling,X,2
cancel,X,2
canter,NOUN,2
ray,NOUN,2
ramah,VERB,2
thaks,NOUN,2
ardiansyah,PROPN,2
thanx,NOUN,2
krena,ADV,2
tetap,VERB,2
tf,NOUN,2
gaada,VERB,2
gabisa,PROPN,2
gabung,X,2
kya,DET,2
kyc,PROPN,2
tetap,ADV,2
aru,ADJ,2
ngobrol,NOUN,2
ray,PROPN,2
cakap,NOUN,2
ngebantu,NOUN,2
ngebantu,PROPN,2
aru,NOUN,2
as,NOUN,2
la,PROPN,2
laen,NOUN,2
terimankasih,VERB,2
terimkasih,NOUN,2
follow,X,2
terimaa,VERB,2
terimakaaih,VERB,2
terimaksi,NOUN,2
arif,X,2
arifin,X,2
arti,NOUN,2
lansung,ADV,2
ngiklan,VERB,2
refund,PROPN,2
refund,X,2
ter,X,2
terang,VERB,2
terbaikkk,VERB,2
terikasih,NOUN,2
terimaa,NOUN,2
lang,NOUN,2
flexible,NOUN,2
fokus,NOUN,2
asmi,PROPN,2
ngalamin,VERB,2
ngalamin,X,2
ngarahin,VERB,2
ngarahin,X,2
ngasi,VERB,2
ngasi,X,2
depan,ADP,2
ngetes,NOUN,2
astaga,VERB,2
langgar,NOUN,2
lansung,ADJ,2
at,X,2
temen,X,2
laporin,VERB,2
attitude,PROPN,2
nge,X,2
byk,VERB,2
nga,PROPN,2
ngaco,NOUN,2
ngaco,X,2
ngakak,NOUN,2
atuh,X,2
tele,X,2
first,X,2
layananya,NOUN,2
layanin,X,2
lekas,ADJ,2
lh,X,2
tdi,X,2
teimakasih,PROPN,2
lelet,ADJ,2
atta,PROPN,2
rekomended,PROPN,2
next,NOUN,2
next,PROPN,2
nfc,X,2
ng,NOUN,2
ng,X,2
nga,INTJ,2
desi,X,2
desy,X,2
aya,NOUN,2
ayo,ADV,2
lgsung,VERB,2
tanya,NOUN,2
fatan,X,2
fathan,X,2
febby,NOUN,2
febi,X,2
tau,NOUN,2
detail,VERB,2
respect,NOUN,2
but,X,2
bwt,PROPN,2
by,NOUN,2
byar,VERB,2
respond,X,2
response,X,2
tampa,NOUN,2
tampa,VERB,2
like,X,2
lilit,VERB,2
limid,ADJ,2
retail,ADJ,2
retail,NOUN,2
detal,NOUN,2
netty,X,2
retas,NOUN,2
retas,VERB,2
taik,NOUN,2
baca,X,2
back,NOUN,2
bada,NOUN,2
bada,VERB,2
limited,X,2
limitx,NOUN,2
bagaimna,ADV,2
bagaimna,NOUN,2
bagu,ADJ,2
lngsng,PROPN,2
burhan,VERB,2
ndak,NOUN,2
details,NOUN,2
reza,X,2
syukur,VERB,2
ta,PROPN,2
love,NOUN,2
faham,ADJ,2
fahri,X,2
suskes,PROPN,2
swafoto,PROPN,2
syaa,PRON,2
syaa,PROPN,2
syaeful,NOUN,2
suport,NOUN,2
ribeut,ADJ,2
ribeut,VERB,2
nb,X,2
dewan,PROPN,2
dftar,PROPN,2
dftr,PROPN,2
dgan,ADP,2
burhan,PROPN,2
bagusss,ADJ,2
fair,NOUN,2
lsng,NOUN,2
luar,NOUN,2
baharu,VERB,2
macet,VERB,2
sudh,PROPN,2
balas,NOUN,2
bandal,NOUN,2
euy,X,2
face,NOUN,2
face,X,2
sumpah,VERB,2
sungguh,VERB,2
ridho,PROPN,2
nang,NOUN,2
nang,VERB,2
nanya,DET,2
sudh,ADV,2
ma,PROPN,2
maa,NOUN,2
maa,PROPN,2
macem,NOUN,2
ringgo,PROPN,2
risky,X,2
bt,X,2
buat,SCONJ,2
riva,NOUN,2
riva,PROPN,2
rizki,PROPN,2
rmah,NOUN,2
sucses,ADJ,2
suda,ADJ,2
mah,PART,2
error,ADJ,2
ety,PROPN,2
euy,PROPN,2
suda,PROPN,2
bangett,VERB,2
maklum,X,2
dh,NOUN,2
dh,PROPN,2
diacc,X,2
rooted,PROPN,2
rooted,X,2
nb,NOUN,2
stay,X,2
step,X,2
stiap,DET,2
stuck,X,2
stujui,NOUN,2
specialis,ADJ,2
specialis,NOUN,2
specialis,PROPN,2
specialis,X,2
sperti,VERB,2
makas,VERB,2
makasihh,X,2
make,PROPN,2
maklum,VERB,2
bravo,X,2
bro,PROPN,2
brp,PROPN,2
brp,X,2
mulu,VERB,2
mz,X,2
banyakin,VERB,2
banyakin,X,2
bareng,NOUN,2
bareng,VERB,2
barokah,ADJ,2
maksa,X,2
maksh,NOUN,2
enjoy,ADJ,2
erik,X,2
nabung,X,2
bsa,ADV,2
saangat,ADJ,2
saangat,NOUN,2
sadar,ADP,2
safety,X,2
rudi,NOUN,2
soni,X,2
sonny,X,2
sopan,NOUN,2
sopan,PROPN,2
emng,NOUN,2
muhtar,PROPN,2
saing,VERB,2
saipul,X,2
sngat,PROPN,2
malu,ADJ,2
mamo,NOUN,2
management,X,2
so,PROPN,2
smooth,NOUN,2
smpai,ADV,2
batu,VERB,2
bawa,NOUN,2
bayang,VERB,2
bbrapa,NOUN,2
bbrapa,X,2
ekky,X,2
snagat,NOUN,2
sales,PROPN,2
sales,X,2
salut,ADJ,2
dija,X,2
diksh,NOUN,2
boong,VERB,2
smg,X,2
smkin,NOUN,2
smkin,X,2
mantaap,ADJ,2
mantaap,VERB,2
mantaapp,X,2
mantaappp,PROPN,2
eggi,PROPN,2
bbrpa,X,2
because,NOUN,2
sambung,X,2
sambut,NOUN,2
mudahh,NOUN,2
sampa,ADP,2
sampa,VERB,2
mantaf,NOUN,2
mantapp,ADJ,2
mantapp,VERB,2
mantappp,NOUN,2
sja,NOUN,2
sja,X,2
bego,X,2
skg,X,2
skrng,X,2
slah,VERB,2
sampek,VERB,2
sanagat,PROPN,2
msuk,NOUN,2
muas,X,2
mubarak,PROPN,2
bosan,NOUN,2
sj,X,2
mantapppp,ADJ,2
mantul,ADJ,2
beres,NOUN,2
manual,ADJ,2
edan,PROPN,2
edit,VERB,2
edit,X,2
eeh,NOUN,2
benah,NOUN,2
bocor,VERB,2
bodoh,NOUN,2
bodong,VERB,2
mohon,ADV,2
mr,X,2
mski,NOUN,2
mski,X,2
sanget,VERB,2
mari,PART,2
mario,PROPN,2
markotop,X,2
masukin,X,2
sii,VERB,2
silah,X,2
beneran,ADV,2
siang,ADJ,2
mati,NOUN,2
maxi,ADJ,2
maxie,NOUN,2
sich,NOUN,2
bnr,NOUN,2
bntu,VERB,2
bnyk,PROPN,2
sangt,X,2
dukung,X,2
shoppe,NOUN,2
shoppe,X,2
services,PROPN,2
bestt,PROPN,2
mayan,X,2
mbaa,NOUN,2
mdhan,X,2
sesal,X,2
sesimple,NOUN,2
mncoba,NOUN,2
mncoba,VERB,2
dj,NOUN,2
dlam,ADJ,2
dngn,ADP,2
miss,PROPN,2
sangkut,VERB,2
me,PROPN,2
me,X,2
medsos,PROPN,2
bgttt,PROPN,2
seribet,VERB,2
sengaja,ADJ,2
senin,PROPN,2
dtolak,X,2
seribet,ADJ,2
bgitu,X,2
mlh,NOUN,2
bner,PROPN,2
bng,NOUN,2
bng,X,2
bnget,PROPN,2
sbg,X,2
scan,VERB,2
semiga,ADV,2
dsetujui,NOUN,2
dsetujui,VERB,2
mending,ADV,2
semu,VERB,2
dpet,VERB,2
sdah,ADP,2
minta,NOUN,2
minum,VERB,2
minus,ADJ,2
dng,ADP,2
dng,ADV,2
milik,VERB,2
mery,X,2
selang,NOUN,2
semalem,NOUN,2
semalem,VERB,2
semalem,X,2
sembarang,NOUN,2
bgus,ADJ,2
sekala,NOUN,2
sekses,ADJ,2
sekses,NOUN,2
mf,PROPN,2
mf,X,2
mgkin,X,2
mh,NOUN,2
mh,X,2
midah,ADJ,2
mimin,PROPN,2
minjem,VERB,2
sdr,X,2
blg,X,2
sdri,PROPN,2
donload,VERB,2
donwload,NOUN,2
segitu,X,2
seh,NOUN,2
mimin,NOUN,2
zen,NOUN,2
zin,X,2
cpt,PROPN,2
creadit,PROPN,2
creditcard,PROPN,2
indomaret,X,2
install,X,2
adm,PROPN,2
yosef,X,2
youtube,NOUN,2
youtube,PROPN,2
yth,PROPN,2
zie,PROPN,2
aamiin,PRON,1
zy,X,1
costumer,VERB,1
coustamer,PROPN,1
cpat,ADJ,1
cpat,X,1
pengin,ADV,1
pengin,NOUN,1
penjelasanx,PROPN,1
penjelasanx,X,1
informative,NOUN,1
yoga,PROPN,1
yonet,NOUN,1
adit,PROPN,1
adit,VERB,1
instant,NOUN,1
instant,PROPN,1
instant,X,1
sebar,NOUN,1
sebentar,ADJ,1
secure,PROPN,1
score,PROPN,1
bilang,NOUN,1
bilang,X,1
bimbing,PROPN,1
bismilah,NOUN,1
bismilah,PROPN,1
done,X,1
donk,PROPN,1
donwload,ADJ,1
donwload,VERB,1
dngn,ADV,1
segitu,ADJ,1
abang,VERB,1
semiga,ADP,1
sehat,NOUN,1
sekian,NOUN,1
micheal,PROPN,1
michele,NOUN,1
midah,VERB,1
downlod,PROPN,1
downlod,X,1
sedia,NOUN,1
minimal,NOUN,1
sdah,NOUN,1
blacklist,VERB,1
blg,NOUN,1
blg,VERB,1
sebab,ADP,1
sebab,SCONJ,1
score,X,1
scr,X,1
dn,PART,1
dng,PART,1
dng,PROPN,1
do,PROPN,1
doang,VERB,1
milenial,NOUN,1
mksdnya,NOUN,1
mf,NOUN,1
selagi,SCONJ,1
selamat,VERB,1
selfi,VERB,1
bilamana,X,1
sembunyi,NOUN,1
semenjak,SCONJ,1
bner,X,1
sbg,VERB,1
sbgai,VERB,1
sc,X,1
scan,ADJ,1
santai,NOUN,1
biarpun,SCONJ,1
semiga,NOUN,1
dri,VERB,1
dsn,X,1
dsuruh,ADP,1
melulu,VERB,1
meng,SCONJ,1
double,VERB,1
semogaa,VERB,1
semu,DET,1
seru,VERB,1
sengaja,NOUN,1
senin,ADJ,1
senyum,PROPN,1
dsuruh,X,1
dtang,NOUN,1
dtg,PROPN,1
duit,X,1
dukcapil,VERB,1
dpn,PROPN,1
serba,ADJ,1
serba,VERB,1
bgus,VERB,1
mmbantu,NOUN,1
sayah,PROPN,1
sayang,X,1
mnding,NOUN,1
mngerti,NOUN,1
dj,PROPN,1
dj,VERB,1
dll,CCONJ,1
dlu,PROPN,1
dngan,ADV,1
bgmn,X,1
bgtt,NOUN,1
bgttt,NOUN,1
mdhn,PROPN,1
me,NOUN,1
mebantu,ADJ,1
medsos,X,1
mega,X,1
bgttt,X,1
easy,NOUN,1
maxsi,PROPN,1
sgtu,PROPN,1
sh,NOUN,1
servis,PROPN,1
bgd,NOUN,1
mbaa,PROPN,1
mbaa,X,1
mbanking,X,1
mbantu,NOUN,1
mbanya,NOUN,1
bgd,PROPN,1
bget,VERB,1
bgmn,PROPN,1
satset,ADJ,1
saudari,PROPN,1
mnt,VERB,1
mnt,X,1
mntap,NOUN,1
mobile,NOUN,1
dio,X,1
dipake,X,1
bnyk,PRON,1
bocor,NOUN,1
setujuin,X,1
sevice,X,1
maxim,X,1
duli,ADV,1
duluan,ADV,1
duper,ADJ,1
dwi,NOUN,1
dwi,X,1
sia,ADV,1
siaga,ADJ,1
siaga,VERB,1
mau,AUX,1
max,NOUN,1
max,PROPN,1
max,X,1
maxi,VERB,1
maxim,NOUN,1
sibuk,NOUN,1
berkah,ADJ,1
setujuin,ADJ,1
sangt,ADV,1
bni,VERB,1
bnr,VERB,1
dmn,X,1
bolak,VERB,1
bolak,X,1
ditail,NOUN,1
mrmbantu,NOUN,1
msih,ADV,1
msih,VERB,1
sangatt,NOUN,1
sampek,ADV,1
besok,VERB,1
sigap,VERB,1
maret,PROPN,1
mari,ADV,1
mari,INTJ,1
mari,VERB,1
mass,X,1
silah,PART,1
mantappppp,X,1
manteb,PROPN,1
manteb,X,1
mantep,NOUN,1
mantull,NOUN,1
mantulll,ADJ,1
berat,NOUN,1
beri,NOUN,1
manual,X,1
edc,X,1
edukasi,PROPN,1
eeeh,NOUN,1
belnja,VERB,1
benah,ADJ,1
benah,VERB,1
berkat,NOUN,1
sanagat,ADJ,1
sanagat,ADV,1
sanagt,X,1
muantap,VERB,1
mubarak,ADJ,1
dilla,X,1
dinda,X,1
mubarok,VERB,1
sanga,ADV,1
sangaat,X,1
sip,VERB,1
sipp,ADJ,1
sis,X,1
sj,PROPN,1
mantappp,VERB,1
mantapppp,NOUN,1
mantaf,PROPN,1
mantaf,VERB,1
mantap,VERB,1
mantap,X,1
slh,VERB,1
skali,ADV,1
skali,X,1
skarang,ADV,1
skarang,NOUN,1
belibet,NOUN,1
belibet,X,1
skip,X,1
skli,VERB,1
skli,X,1
skrang,X,1
bener,INTJ,1
bosen,PROPN,1
bp,X,1
muchtar,X,1
mud,PROPN,1
mudahh,ADV,1
mudahh,X,1
mudahn,NOUN,1
mudahn,X,1
samgat,ADV,1
salam,VERB,1
slalu,VERB,1
slesai,X,1
mantabb,NOUN,1
mantabbb,PROPN,1
mantabs,NOUN,1
mantaf,ADJ,1
slh,X,1
sll,PROPN,1
sll,X,1
bbrpa,NOUN,1
bbrpa,VERB,1
because,PROPN,1
because,X,1
sllu,X,1
slow,ADJ,1
slow,X,1
smaa,VERB,1
smakin,ADP,1
smakin,NOUN,1
smakin,X,1
slah,X,1
bosan,VERB,1
mudhan,PROPN,1
muhktar,PROPN,1
dijelasin,X,1
dila,ADP,1
muhktar,X,1
muhtar,ADJ,1
samapi,ADP,1
samapi,ADV,1
br,VERB,1
smga,ADV,1
smga,VERB,1
mantaaapp,PROPN,1
mantaap,PROPN,1
mantaapp,PROPN,1
eggi,NOUN,1
eggi,NUM,1
malik,PROPN,1
mambantu,NOUN,1
manatap,ADJ,1
manfaat,PROPN,1
mang,VERB,1
basa,VERB,1
sok,VERB,1
egi,X,1
ehh,NOUN,1
smpe,VERB,1
batal,ADP,1
manis,NOUN,1
mantaaaap,X,1
mantaaap,VERB,1
smart,NOUN,1
salting,ADJ,1
branding,PROPN,1
saifull,PROPN,1
muktar,PROPN,1
mukthar,PROPN,1
mukthar,X,1
digit,VERB,1
digna,PROPN,1
digna,X,1
dihonest,PROPN,1
dihonest,X,1
saing,ADJ,1
saking,X,1
na,NOUN,1
snagat,VERB,1
sngat,ADJ,1
barusan,PRON,1
sagat,ADV,1
bpjs,ADJ,1
bpjs,PROPN,1
bpjs,X,1
bpjstku,VERB,1
sopan,X,1
malas,NOUN,1
malas,VERB,1
malem,X,1
males,PROPN,1
email,X,1
emang,VERB,1
emng,PROPN,1
speaking,PROPN,1
bantuanny,PROPN,1
snagat,PROPN,1
muncul,NOUN,1
muter,VERB,1
mw,PROPN,1
mya,PROPN,1
romero,PROPN,1
bareng,X,1
maksh,PROPN,1
maksh,X,1
maksi,VERB,1
erick,X,1
erifa,PROPN,1
soni,PROPN,1
rusak,VERB,1
saepul,VERB,1
saepul,X,1
safety,ADJ,1
stelah,X,1
stlh,NOUN,1
stuck,PROPN,1
maksi,X,1
bangt,VERB,1
bangun,NOUN,1
bank,PROPN,1
maki,NOUN,1
maklum,ADJ,1
maklum,ADV,1
bantuin,X,1
rudi,PROPN,1
rudi,VERB,1
bri,X,1
bru,PROPN,1
bru,X,1
rooted,NOUN,1
nagih,NOUN,1
nagih,X,1
nah,PART,1
dh,PART,1
diacc,ADJ,1
diapprove,X,1
naikin,NOUN,1
rooted,VERB,1
maksa,NOUN,1
maksa,VERB,1
sprti,VERB,1
standby,ADJ,1
stay,NOUN,1
stay,PROPN,1
stelah,ADV,1
rinci,X,1
riski,X,1
risma,PROPN,1
bsok,X,1
buanget,PROPN,1
rmah,VERB,1
rmah,X,1
nda,VERB,1
maen,VERB,1
erika,X,1
eror,X,1
error,X,1
estimasi,ADJ,1
banget,NOUN,1
bangettt,PROPN,1
root,ADJ,1
nang,PROPN,1
nang,X,1
nanggung,X,1
nathan,PROPN,1
ribed,PROPN,1
bangke,PROPN,1
bangkrut,NOUN,1
suda,X,1
lwt,X,1
maaf,PROPN,1
maap,VERB,1
maap,X,1
macem,ADJ,1
macem,X,1
macet,ADJ,1
succes,X,1
bahaya,ADJ,1
suka,NOUN,1
sukses,PROPN,1
bangat,ADV,1
bangat,NOUN,1
banged,PROPN,1
experience,NOUN,1
fachri,NOUN,1
bangetttt,PROPN,1
rido,PROPN,1
ridu,PROPN,1
riko,PROPN,1
buk,PROPN,1
buk,VERB,1
bukak,X,1
bulan,PROPN,1
ribett,NOUN,1
developer,PROPN,1
dftar,VERB,1
dftar,X,1
dftr,X,1
dgan,VERB,1
dgan,X,1
suport,VERB,1
bahagia,NOUN,1
baharu,PROPN,1
fahry,NOUN,1
lsng,PROPN,1
lu,X,1
luarbiasa,NOUN,1
lugas,NOUN,1
bahas,X,1
fahri,ADJ,1
loe,NOUN,1
log,PROPN,1
log,VERB,1
bahaya,VERB,1
suru,VERB,1
suskes,ADJ,1
suskes,NOUN,1
suskses,ADJ,1
syaa,X,1
syaeful,PROPN,1
syaeful,X,1
syaiful,VERB,1
syarat,ADJ,1
syg,PROPN,1
ribett,ADJ,1
ne,PROPN,1
neko,ADJ,1
neko,VERB,1
detaill,ADJ,1
details,ADJ,1
details,X,1
buset,NOUN,1
reyhan,X,1
ribed,NOUN,1
responsip,NOUN,1
lope,X,1
lot,PROPN,1
louis,X,1
faham,PROPN,1
fahami,ADJ,1
fahami,X,1
limitx,X,1
logout,VERB,1
lois,ADJ,1
ta,VERB,1
bagu,NOUN,1
bagua,ADJ,1
taik,ADJ,1
live,X,1
lncar,ADV,1
fajri,X,1
fajrin,VERB,1
fajrin,X,1
familiar,NOUN,1
system,X,1
buru,PROPN,1
nda,X,1
detile,ADJ,1
nerangin,NOUN,1
nerangin,PROPN,1
neror,VERB,1
net,X,1
netti,PROPN,1
review,X,1
burhan,ADJ,1
detai,VERB,1
taik,VERB,1
talang,ADJ,1
tama,X,1
back,PROPN,1
bad,PROPN,1
limitt,X,1
limitx,ADJ,1
respon,PROPN,1
respon,VERB,1
respons,ADJ,1
ngaku,VERB,1
linda,PROPN,1
linda,X,1
live,NOUN,1
badar,PROPN,1
tamah,VERB,1
tanggap,ADJ,1
tanggap,NOUN,1
like,PROPN,1
limid,VERB,1
limit,VERB,1
fani,X,1
respont,PROPN,1
lgsng,NOUN,1
fany,NOUN,1
faris,ADJ,1
tank,PROPN,1
tap,PROPN,1
ayu,PRON,1
ayu,X,1
azmy,PROPN,1
lho,NOUN,1
liar,ADJ,1
liat,ADV,1
limmit,ADJ,1
respect,PROPN,1
bwt,X,1
byar,ADV,1
respect,X,1
rekomendet,NOUN,1
rem,PROPN,1
rendy,NOUN,1
repot,NOUN,1
derbi,VERB,1
aware,X,1
aya,PART,1
aya,PRON,1
ayo,INTJ,1
file,NOUN,1
finally,NOUN,1
lembut,VERB,1
lewat,ADV,1
lewat,VERB,1
lgi,PART,1
lgsg,PROPN,1
lbih,VERB,1
telemarketing,X,1
tbtb,PROPN,1
td,VERB,1
tdi,PROPN,1
tekan,X,1
lelet,VERB,1
lembut,NOUN,1
fee,X,1
ferifikasi,VERB,1
ferifikasi,X,1
ferivikasi,ADJ,1
fikir,VERB,1
taut,VERB,1
caca,X,1
rekomended,X,1
bye,PROPN,1
bye,X,1
byr,PROPN,1
ca,PROPN,1
nga,PART,1
nga,VERB,1
ngabisin,NOUN,1
ngak,ADV,1
regist,VERB,1
atu,X,1
atuh,ADV,1
atuh,VERB,1
atur,NOUN,1
auto,VERB,1
lawak,ADJ,1
lbih,ADV,1
lanjut,NOUN,1
lanjut,X,1
teliti,VERB,1
telp,X,1
atha,X,1
atmbplus,ADJ,1
atmbplus,X,1
lapor,X,1
larang,X,1
finance,PROPN,1
finance,X,1
financial,X,1
fira,ADJ,1
temu,X,1
asmi,PRON,1
rekam,VERB,1
rehan,PROPN,1
reject,PROPN,1
reject,VERB,1
ngapain,VERB,1
ngasi,NOUN,1
depan,X,1
astaga,NOUN,1
astaga,X,1
asyik,NOUN,1
langgan,ADJ,1
langgan,ADV,1
langgar,ADP,1
langgar,VERB,1
langsng,ADV,1
langsng,PROPN,1
lanjur,VERB,1
recomen,ADJ,1
recoment,ADJ,1
record,PROPN,1
record,X,1
redy,PROPN,1
regist,PROPN,1
dengar,ADV,1
terap,VERB,1
terbaikkk,NOUN,1
flexible,PROPN,1
fokus,ADJ,1
fokus,VERB,1
follow,PROPN,1
follow,VERB,1
regist,X,1
register,X,1
terimankasih,NOUN,1
terimakaaih,NOUN,1
terimakaaih,X,1
terimakaih,NOUN,1
terimakash,X,1
terimakasi,NOUN,1
terimakasihh,X,1
terimankasih,ADJ,1
terimankasih,ADP,1
arifin,VERB,1
ngetes,VERB,1
ngetes,X,1
ngiklan,NOUN,1
ngiklan,X,1
real,X,1
reccomended,NOUN,1
cadang,VERB,1
cahya,X,1
cair,VERB,1
call,ADJ,1
ngeledek,X,1
ngerasa,X,1
ngeri,ADJ,1
nh,NOUN,1
lag,X,1
lahir,NOUN,1
lai,ADJ,1
lai,PROPN,1
lai,X,1
lalau,ADV,1
lalu,ADJ,1
asih,VERB,1
terimksh,X,1
termakasih,NOUN,1
termikasih,ADJ,1
terobos,X,1
terus,NOUN,1
teruss,ADJ,1
kya,PART,1
kya,X,1
kyk,NOUN,1
friendly,NOUN,1
friendly,X,1
test,PROPN,1
tetang,VERB,1
ray,X,1
ready,NOUN,1
ready,PROPN,1
arief,ADJ,1
galbay,PROPN,1
gamblang,NOUN,1
kridet,ADJ,1
kridit,ADJ,1
tetep,ADV,1
tetimakasih,VERB,1
tgg,VERB,1
tggu,NOUN,1
tgl,PROPN,1
kudu,NOUN,1
furi,PROPN,1
gaada,NOUN,1
gabung,NOUN,1
gada,VERB,1
gada,X,1
ni,VERB,1
nice,ADJ,1
rating,ADJ,1
call,VERB,1
cancel,PROPN,1
dek,X,1
dela,X,1
den,NOUN,1
denda,VERB,1
dengam,NOUN,1
tgl,VERB,1
tgl,X,1
ardan,PROPN,1
ardi,PROPN,1
ari,PROPN,1
ari,VERB,1
gbu,PROPN,1
kooperatif,X,1
gampang,X,1
gan,PART,1
tija,PROPN,1
tija,VERB,1
ksih,VERB,1
ksih,X,1
ktnya,X,1
aproved,X,1
apus,ADJ,1
apus,X,1
kredivo,X,1
gag,PROPN,1
thn,PROPN,1
ni,PRON,1
ramahh,PROPN,1
ramahhh,NOUN,1
ramahhh,PROPN,1
ramdan,X,1
ranah,VERB,1
rangin,X,1
ngobrol,X,1
ngomong,NOUN,1
ngomong,X,1
ngotak,NOUN,1
ngulang,X,1
debit,X,1
ti,X,1
tida,PROPN,1
tidk,NOUN,1
tidk,X,1
tk,VERB,1
tk,X,1
tksh,PROPN,1
apprv,X,1
apps,PROPN,1
appstore,PROPN,1
aproval,VERB,1
aprove,PROPN,1
komunikasi,VERB,1
komunikatif,X,1
gapernah,ADV,1
gatau,PROPN,1
ting,VERB,1
tinggl,VERB,1
tinjau,X,1
thq,NOUN,1
tnpa,ADV,1
tnpa,NOUN,1
tntang,X,1
tipu,ADJ,1
approv,X,1
approvel,PROPN,1
approvenya,X,1
gimna,X,1
kmrn,X,1
knapa,X,1
knowledge,NOUN,1
knowledge,X,1
knpa,VERB,1
kocak,X,1
gelap,NOUN,1
gerak,VERB,1
qta,PROPN,1
quick,NOUN,1
quick,X,1
rajin,ADJ,1
rama,PROPN,1
nich,NOUN,1
nie,NOUN,1
nihh,VERB,1
nikmat,VERB,1
putus,NOUN,1
tlah,PART,1
tlah,VERB,1
tlong,PROPN,1
tlp,X,1
tnks,PROPN,1
tnpa,ADP,1
dea,X,1
dear,X,1
debit,VERB,1
cardnya,PROPN,1
apply,VERB,1
appreciate,NOUN,1
appreciate,PROPN,1
kli,X,1
kmaren,VERB,1
kmaren,X,1
kmrn,PROPN,1
gilir,X,1
great,X,1
klarifikasi,ADJ,1
giur,X,1
tlah,NOUN,1
gratis,NOUN,1
apalgi,VERB,1
trim,PROPN,1
god,X,1
appreciate,VERB,1
appreciate,X,1
apk,NUM,1
aplikasih,X,1
aplikasiny,PROPN,1
tracking,PROPN,1
transfer,X,1
antri,X,1
cantum,VERB,1
cape,VERB,1
capek,NOUN,1
nnt,NOUN,1
cas,ADJ,1
putar,VERB,1
nnt,X,1
nnya,DET,1
nnya,PRON,1
non,PROPN,1
not,PROPN,1
not,VERB,1
apalgi,ADJ,1
ketimbang,VERB,1
kg,X,1
khawatir,VERB,1
kiky,PROPN,1
goodluck,PROPN,1
goodluck,X,1
google,X,1
trllu,X,1
trima,PROPN,1
trimakasi,PROPN,1
kerja,ADJ,1
kerjasama,VERB,1
kes,ADJ,1
kes,X,1
ketemu,X,1
trimksih,X,1
annas,PROPN,1
annual,ADJ,1
antusias,NOUN,1
cardnya,X,1
cari,X,1
cart,PROPN,1
cart,X,1
puasa,ADJ,1
puji,VERB,1
nov,PROPN,1
pusat,ADJ,1
pusing,VERB,1
cash,X,1
trims,X,1
trlalu,ADV,1
kerennn,PROPN,1
kerennnn,PROPN,1
grogi,ADJ,1
grogi,PROPN,1
gtu,VERB,1
gua,VERB,1
guide,PROPN,1
guna,PROPN,1
anjay,PROPN,1
anjeng,VERB,1
trm,X,1
trnyata,PROPN,1
trnyata,VERB,1
trs,VERB,1
truss,PROPN,1
kereeeen,PROPN,1
kereeen,PROPN,1
kereeen,X,1
kereen,ADJ,1
kerenn,VERB,1
trutama,PROPN,1
prtama,PROPN,1
prtma,X,1
puas,NOUN,1
ccnya,PROPN,1
prtama,ADJ,1
prtama,DET,1
nunggak,NOUN,1
dateng,X,1
dbantu,X,1
dbntu,VERB,1
dbntu,X,1
de,X,1
trz,X,1
tsb,DET,1
tsb,PROPN,1
ttep,NOUN,1
ttp,PROPN,1
ken,PROPN,1
kereeeen,NOUN,1
kelvin,PROPN,1
kecewa,VERB,1
anjur,ADJ,1
kemaren,VERB,1
kemaren,X,1
kembang,VERB,1
gunain,X,1
gunaka,X,1
guys,VERB,1
kemudi,VERB,1
tuh,VERB,1
tuju,PROPN,1
trx,PROPN,1
catat,NOUN,1
cba,PROPN,1
cba,VERB,1
dar,CCONJ,1
dar,NOUN,1
dar,SCONJ,1
dar,X,1
darat,VERB,1
darurat,NOUN,1
promonya,X,1
prosesny,X,1
cas,VERB,1
poll,PROPN,1
anehh,NOUN,1
tulis,X,1
kelar,NOUN,1
hadehh,PROPN,1
hadeuh,X,1
haduh,ADV,1
kamis,PROPN,1
kapok,ADJ,1
karena,ADP,1
tunggak,NOUN,1
tuntas,VERB,1
ancam,VERB,1
andai,NOUN,1
andai,VERB,1
andai,X,1
turut,X,1
tuk,PART,1
pro,ADJ,1
profesional,NOUN,1
promo,ADJ,1
nurul,PROPN,1
nyaa,PART,1
cegah,X,1
date,X,1
nyah,VERB,1
nyangka,ADJ,1
nyangka,ADV,1
nyangka,X,1
nyari,NOUN,1
nyekek,NOUN,1
cekik,ADJ,1
pribadi,NOUN,1
cepatt,NOUN,1
analis,ADJ,1
hafidz,PROPN,1
hafidz,X,1
hah,NOUN,1
hah,X,1
damping,ADJ,1
dana,PROPN,1
dang,X,1
dar,ADJ,1
nyobain,NOUN,1
nyobain,PROPN,1
kasi,VERB,1
ucin,PROPN,1
uda,PRON,1
undang,VERB,1
amin,VERB,1
aminnn,NOUN,1
aminnn,PROPN,1
an,PROPN,1
poll,X,1
ccs,ADJ,1
kaga,VERB,1
amir,ADJ,1
ampun,ADJ,1
aman,X,1
kagum,NOUN,1
kaka,ADV,1
kaka,PROPN,1
kalah,ADV,1
hai,INTJ,1
hallo,VERB,1
hamble,ADJ,1
kart,PROPN,1
offline,NOUN,1
offline,X,1
ofline,ADJ,1
dam,VERB,1
olh,X,1
omong,VERB,1
plus,PROPN,1
pngajuan,PROPN,1
pokoke,PROPN,1
pokokny,NOUN,1
pokokny,PROPN,1
cepatt,ADJ,1
kali,PROPN,1
ambil,NOUN,1
unggul,VERB,1
unistall,PROPN,1
unt,PROPN,1
hanas,X,1
hans,ADJ,1
kacau,NOUN,1
urus,X,1
us,X,1
use,X,1
kaget,VERB,1
kaget,X,1
untk,VERB,1
untuj,VERB,1
alternatif,X,1
alwa,PROPN,1
always,NOUN,1
always,PROPN,1
ama,PROPN,1
josua,X,1
jta,PROPN,1
juan,VERB,1
hamble,PROPN,1
ceria,NOUN,1
cerna,VERB,1
dalam,ADJ,1
dam,ADJ,1
okee,PROPN,1
okeh,ADJ,1
pintar,NOUN,1
jujur,NOUN,1
aman,NOUN,1
untung,VERB,1
unyu,ADJ,1
unyu,VERB,1
unyu,X,1
update,ADJ,1
update,X,1
upgrade,VERB,1
join,PROPN,1
he,NOUN,1
vdeo,X,1
alhamduli,X,1
alias,SCONJ,1
heheh,NOUN,1
josep,PROPN,1
josss,ADJ,1
jossss,NOUN,1
jossss,PROPN,1
hans,PROPN,1
happy,PROPN,1
jugaa,X,1
pkai,X,1
pkok,PROPN,1
platform,PROPN,1
verifikasi,PROPN,1
jlas,ADJ,1
jlas,VERB,1
helpful,NOUN,1
hendri,X,1
hi,NOUN,1
hi,PART,1
jngan,AUX,1
verivikasi,PROPN,1
user,X,1
utari,X,1
utuk,NOUN,1
vc,VERB,1
vcnya,PROPN,1
jngan,PART,1
jngn,NOUN,1
pinter,NOUN,1
chat,VERB,1
checking,PROPN,1
cheking,VERB,1
chris,NOUN,1
christoper,X,1
pkai,NOUN,1
dam,PROPN,1
oops,X,1
opr,PROPN,1
or,NOUN,1
or,PROPN,1
ora,PROPN,1
php,PROPN,1
alhamdulil,PROPN,1
alhamdulli,ADJ,1
viki,PROPN,1
vina,PROPN,1
vina,X,1
verry,NOUN,1
very,NOUN,1
alami,VERB,1
aldi,PROPN,1
alesan,X,1
alf,X,1
jesika,PROPN,1
jet,PROPN,1
jga,ADV,1
jimy,NOUN,1
jiwa,PROPN,1
alfa,X,1
alhamdulil,ADV,1
pin,VERB,1
pingin,NOUN,1
pingin,X,1
pinjam,X,1
pinjol,ADJ,1
pinjol,VERB,1
cz,X,1
dab,NOUN,1
dadak,VERB,1
dafa,ADJ,1
cuy,PROPN,1
vid,NOUN,1
video,X,1
videocall,ADJ,1
alami,NOUN,1
videocall,X,1
hnya,X,1
hoax,ADJ,1
hihi,NOUN,1
akn,X,1
aktifin,VERB,1
hina,ADJ,1
hindar,X,1
jela,NOUN,1
jela,VERB,1
jelasin,PROPN,1
jelass,X,1
jempol,VERB,1
jempol,X,1
aktipasi,VERB,1
pic,NOUN,1
pic,X,1
pantau,NOUN,1
ckup,X,1
close,ADJ,1
pada,SCONJ,1
pagi,PROPN,1
pagi,X,1
perfect,X,1
aktivasi,ADJ,1
wahh,PROPN,1
wahhh,PROPN,1
wajib,PROPN,1
wajib,VERB,1
wala,ADV,1
jel,PROPN,1
history,X,1
hnya,DET,1
jan,PROPN,1
jan,X,1
jangan,NOUN,1
jatoh,X,1
jatuh,ADV,1
ajah,ADV,1
walu,NOUN,1
waw,ADJ,1
waw,NOUN,1
way,NOUN,1
we,NOUN,1
ajj,NOUN,1
ak,X,1
aktiv,VERB,1
cvc,PROPN,1
cvv,PROPN,1
perlu,NOUN,1
papar,PROPN,1
partner,PROPN,1
custamer,X,1
custemer,PROPN,1
custmer,ADJ,1
cutomer,PROPN,1
cutomer,X,1
cuy,NOUN,1
commerce,X,1
akn,ADV,1
akn,VERB,1
ajaa,VERB,1
honeat,PROPN,1
hones,ADJ,1
honestnya,NOUN,1
paten,VERB,1
csny,X,1
cso,PROPN,1
css,PROPN,1
co,X,1
perfect,ADJ,1
welcome,ADJ,1
welcoming,ADJ,1
wellcom,PROPN,1
wellcom,X,1
whatsap,PROPN,1
whatsap,VERB,1
ahh,NOUN,1
ahh,PROPN,1
periksa,NOUN,1
perinci,ADJ,1
ahh,X,1
ahmad,PROPN,1
ai,PROPN,1
ai,X,1
aja,ADV,1
hosnet,PROPN,1
hps,X,1
jadul,X,1
jah,X,1
wifi,PROPN,1
aji,VERB,1
copy,VERB,1
pepet,ADJ,1
cman,X,1
cmn,X,1
pas,PROPN,1
hub,VERB,1
wort,X,1
iring,ADJ,1
is,NOUN,1
affan,X,1
after,NOUN,1
aga,ADV,1
aga,X,1
hubung,X,1
iur,VERB,1
ivan,X,1
ja,VERB,1
jabar,VERB,1
jadi,ADV,1
honet,PROPN,1
honset,PROPN,1
yaa,PUNCT,1
yah,INTJ,1
yah,PROPN,1
yahh,NOUN,1
intan,X,1
interface,PROPN,1
interview,ADJ,1
interview,PROPN,1
interview,VERB,1
interview,X,1
ios,PROPN,1
ig,X,1
it,VERB,1
hpus,X,1
hri,X,1
hrus,VERB,1
code,X,1
cok,VERB,1
coll,PROPN,1
curi,X,1
patut,VERB,1
pay,NOUN,1
paylater,ADJ,1
paylater,PROPN,1
pda,VERB,1
pdahal,NOUN,1
pe,VERB,1
come,PROPN,1
commerce,PROPN,1
woy,X,1
yaa,INTJ,1
yaa,NOUN,1
iming,VERB,1
ina,VERB,1
informatif,NOUN,1
informatif,X,1
ilang,VERB,1
yahh,PROPN,1
yak,ADV,1
yak,NOUN,1
adriansyah,NOUN,1
aduh,VERB,1
advan,VERB,1
ady,NOUN,1
yansyah,PROPN,1
yh,PART,1
yh,PROPN,1
woww,NOUN,1
indomaret,PROPN,1
ines,NOUN,1
informasi,PROPN,1
informasih,ADJ,1
ade,X,1
yuda,X,1
aca,PROPN,1
account,PROPN,1
aac,NOUN,1
zy,PROPN,1
aamiin,ADV,1
yng,PROPN,1
cris,NOUN,1
cristhoper,PROPN,1
pelan,VERB,1
costemer,PROPN,1
zee,X,1
zen,PROPN,1
zen,X,1
zhi,NOUN,1
acung,NOUN,1
zain,PROPN,1
zayadi,X,1
zin,VERB,1
pea,X,1
input,VERB,1
adji,NOUN,1
admin,ADV,1
adain,ADV,1
zidan,PROPN,1
aa,X,1
indomaret,ADJ,1
